year,Afghanistan,Albania,Algeria,Angola,Argentina,Armenia,Australia,Austria,Azerbaijan,Bahrain,Bangladesh,Belarus,Belgium,Benin,Bhutan,Bolivia,Bosnia and Herzegovina,Botswana,Brazil,Bulgaria,Burkina Faso,Burundi,Cambodia,Cameroon,Canada,Cape Verde,Central African Republic,Chad,Chile,China,Colombia,Comoros,"Congo, Dem. Rep.","Congo, Rep.",Costa Rica,Cote d'Ivoire,Croatia,Cuba,Cyprus,Czech Republic,Denmark,Djibouti,Dominican Republic,Ecuador,Egypt,El Salvador,Equatorial Guinea,Eritrea,Estonia,Ethiopia,Fiji,Finland,France,Gabon,Gambia,Georgia,Germany,Ghana,Greece,Guatemala,Guinea,Guinea-Bissau,Guyana,Haiti,Holy See,Honduras,Hungary,India,Indonesia,Iran,Iraq,Ireland,Israel,Italy,Jamaica,Japan,Jordan,Kazakhstan,Kenya,Kuwait,Kyrgyz Republic,Lao,Latvia,Lebanon,Lesotho,Liberia,Libya,Lithuania,"Macedonia, FYR",Madagascar,Malawi,Malaysia,Mali,Mauritania,Mauritius,Mexico,Moldova,Mongolia,Montenegro,Morocco,Mozambique,Myanmar,Namibia,Nepal,Netherlands,New Zealand,Nicaragua,Niger,Nigeria,North Korea,Norway,Oman,Pakistan,Panama,Papua New Guinea,Paraguay,Peru,Philippines,Poland,Portugal,Qatar,Romania,Russia,Rwanda,Saudi Arabia,Senegal,Serbia,Sierra Leone,Singapore,Slovak Republic,Slovenia,Solomon Islands,Somalia,South Africa,South Korea,South Sudan,Spain,Sri Lanka,Sudan,Suriname,Swaziland,Sweden,Switzerland,Syria,Tajikistan,Tanzania,Thailand,Timor-Leste,Togo,Trinidad and Tobago,Tunisia,Turkey,Turkmenistan,Uganda,Ukraine,United Arab Emirates,United Kingdom,United States,Uruguay,Uzbekistan,Venezuela,Vietnam,Yemen,Zambia,Zimbabwe
1800,-6,,,,,,,-10,,,,,,,,,,,,,,,,,,,,,,-6,,,,,,,,,,,-10,,,,,,,,,,,,-8,,,,,,,,,,,,,,,,,-10,,,,,,-10,,,,,,,,,,,,,,,,,,,,,,,,-6,,,,-6,,,,,,,,-6,,,,,,,,-10,,,-10,,,,,,,,,,,,,,-10,,,,,-10,,,,,-10,,,,,-10,,,,,-2,4,,,,,,,
1801,-6,,,,,,,-10,,,,,,,,,,,,,,,,,,,,,,-6,,,,,,,,,,,-10,,,,,,,,,,,,-8,,,,,,,,,,,,,,,,,-10,,,,,,-10,,,,,,,,,,,,,,,,,,,,,,,,-6,,,,-6,,,,,,,,-6,,,,,,,,-10,,,-10,,,,,,,,,,,,,,-10,,,,,-10,,,,,-10,,,,,-10,,,,,-2,4,,,,,,,
1802,-6,,,,,,,-10,,,,,,,,,,,,,,,,,,,,,,-6,,,,,,,,,,,-10,,,,,,,,,,,,-8,,,,,,,,,,,,,,,,,-10,,,,,,-10,,,,,,,,,,,,,,,,,,,,,,,,-6,,,,-6,,,,,,,,-6,,,,,,,,-10,,,-10,,,,,,,,,,,,,,-10,,,,,-10,,,,,-10,,,,,-10,,,,,-2,4,,,,,,,
1803,-6,,,,,,,-10,,,,,,,,,,,,,,,,,,,,,,-6,,,,,,,,,,,-10,,,,,,,,,,,,-8,,,,,,,,,,,,,,,,,-10,,,,,,-10,,,,,,,,,,,,,,,,,,,,,,,,-6,,,,-6,,,,,,,,-6,,,,,,,,-10,,,-10,,,,,,,,,,,,,,-10,,,,,-10,,,,,-10,,,,,-10,,,,,-2,4,,,,,,,
1804,-6,,,,,,,-10,,,,,,,,,,,,,,,,,,,,,,-6,,,,,,,,,,,-10,,,,,,,,,,,,-8,,,,,,,,,,,,,,,,,-10,,,,,,-10,,,,,,,,,,,,,,,,,,,,,,,,-6,,,,-6,,,,,,,,-6,,,,,,,,-10,,,-10,,,,,,,,,,,,,,-10,,,,,-10,,,,,-10,,,,,-10,,,,,-2,4,,,,,,,
1805,-6,,,,,,,-10,,,,,,,,,,,,,,,,,,,,,,-6,,,,,,,,,,,-10,,,,,,,,,,,,-8,,,,,,,,,,,,,,,,,-10,,,,,,-10,,,,,,,,,,,,,,,,,,,,,,,,-6,,,,-6,,,,,,,,-6,,,,,,,,-10,,,-10,,,,,,,,,,,,,,-10,,,,,-10,,,,,-10,,,,,-10,,,,,-2,4,,,,,,,
1806,-6,,,,,,,-10,,,,,,,,,,,,,,,,,,,,,,-6,,,,,,,,,,,-10,,,,,,,,,,,,-8,,,,,,,,,,,,,,,,,-10,,,,,,-10,,,,,,,,,,,,,,,,,,,,,,,,-6,,,,-6,,,,,,,,-6,,,,,,,,-10,,,-10,,,,,,,,,,,,,,-10,,,,,-10,,,,,-10,,,,,-10,,,,,-2,4,,,,,,,
1807,-6,,,,,,,-10,,,,,,,,,,,,,,,,,,,,,,-6,,,,,,,,,,,-10,,,,,,,,,,,,-8,,,,,,,,,,,,,,,,,-10,,,,,,-10,,,,,,,,,,,,,,,,,,,,,,,,-6,,,,-6,,,,,,,,-6,,,,,,,,-10,,,-10,,,,,,,,,,,,,,-10,,,,,-10,,,,,-10,,,,,-10,,,,,-2,4,,,,,,,
1808,-6,,,,,,,-10,,,,,,,,,,,,,,,,,,,,,,-6,,,,,,,,,,,-10,,,,,,,,,,,,-8,,,,,,,,,,,,,,,,,-10,,,,,,-10,,,,,,,,,,,,,,,,,,,,,,,,-6,,,,-6,,,,,,,,-6,,,,,,,,-10,,,-10,,,,,,,,,,,,,,-10,,,,,-10,,,,,-10,,,,,-10,,,,,-2,4,,,,,,,
1809,-6,,,,,,,-10,,,,,,,,,,,,,,,,,,,,,,-6,,,,,,,,,,,-10,,,,,,,,,,,,-8,,,,,,,,,,,,,,,,,-10,,,,,,-10,,,,,,,,,,,,,,,,,,,,,,,,-6,,,,-6,,,,,,,,-6,,,,,,,,-10,,,-10,,,,,,,,,,,,,,-10,,,,,-9,,,,,-10,,,,,-10,,,,,-2,9,,,,,,,
1810,-6,,,,,,,-10,,,,,,,,,,,,,,,,,,,,,,-6,,,,,,,,,,,-10,,,,,,,,,,,,-8,,,,,,,,,,,,,,,,,-10,,,,,,-10,,,,,,,,,,,,,,,,,,,,,,,,-6,,,,-6,,,,,,,,-6,,,,,,,,-10,,,-10,,,,,,,,,,,,,,-10,,,,,-9,,,,,-10,,,,,-10,,,,,-2,9,,,,,,,
1811,-6,,,,,,,-10,,,,,,,,,,,,,,,,,,,,,,-6,,,,,,,,,,,-10,,,,,,,,,,,,-8,,,,,,,,,,,,,,,,,-10,,,,,,-10,,,,,,,,,,,,,,,,,,,,,,,,-6,,,,-6,,,,,,,,-6,,,,-9,,,,-10,,,-10,,,,,,,,,,,,,,-10,,,,,-9,,,,,-10,,,,,-10,,,,,-2,9,,,,,,,
1812,-6,,,,,,,-10,,,,,,,,,,,,,,,,,,,,,,-6,,,,,,,,,,,-10,,,,,,,,,,,,-8,,,,,,,,,,,,,,,,,-10,,,,,,-10,,,,,,,,,,,,,,,,,,,,,,,,-6,,,,-6,,,,,,,,-6,,,,-9,,,,-10,,,-10,,,,,,,,,,,,,,-10,,,,,-8,,,,,-10,,,,,-10,,,,,-2,9,,,,,,,
1813,-6,,,,,,,-10,,,,,,,,,,,,,,,,,,,,,,-6,,,,,,,,,,,-10,,,,,,,,,,,,-8,,,,,,,,,,,,,,,,,-10,,,,,,-10,,,,,,,,,,,,,,,,,,,,,,,,-6,,,,-6,,,,,,,,-6,,,,-9,,,,-10,,,-10,,,,,,,,,,,,,,-10,,,,,-8,,,,,-10,,,,,-10,,,,,-2,9,,,,,,,
1814,-6,,,,,,,-10,,,,,,,,,,,,,,,,,,,,,,-6,,,,,,,,,,,-10,,,,,,,,,,,,-4,,,,,,,,,,,,,,,,,-10,,,,,,-10,,,,,,,,,,,,,,,,,,,,,,,,-6,,,,-6,,,,,,,-7,-6,,,,-9,,,,-10,,,-10,,,,,,,,,,,,,,-9,,,,,-8,,,,,-10,,,,,-10,,,,,-2,9,,,,,,,
1815,-6,,,,,,,-10,,,,,,,,,,,,,,,,,,,,,,-6,,,,,,,,,,,-10,,,,,,,,,,,,-4,,,,,,,,,,,,-9,,,,,-10,,,,,,-10,,,,,,,,,,,,,,,,,,,,,,,,-6,,,,-6,-6,,,,,,-7,-6,,,,-9,,,,-10,,,-10,,,,,,,,,,,,,,-9,,,,,-8,,,,,-10,,,,,-10,,,,,-2,9,,,,,,,
1816,-6,,,,,,,-10,,,,,,,,,,,,,,,,,,,,,,-6,,,,,,,,,,,-10,,,,,,,,,,,,-4,,,,,,,,,,,,-9,,,,,-10,,,,,,-10,,,,,,,,,,,,,,,,,,,,,,,,-6,,,,-6,-6,,,,,,-7,-6,,,,-9,,,,-10,,,-10,,,,,,,,,,,,,,-9,,,,,-8,,,,,-10,,,,,-10,,,,,-2,9,,,,,,,
1817,-6,,,,,,,-10,,,,,,,,,,,,,,,,,,,,,,-6,,,,,,,,,,,-10,,,,,,,,,,,,-4,,,,,,,,,,,,-9,,,,,-10,,,,,,-10,,,,,,,,,,,,,,,,,,,,,,,,-6,,,,-6,-6,,,,,,-7,-6,,,,-9,,,,-10,,,-10,,,,,,,,,,,,,,-9,,,,,-8,,,,,-10,,,,,-10,,,,,-2,9,,,,,,,
1818,-6,,,,,,,-10,,,,,,,,,,,,,,,,,,,,,-5,-6,,,,,,,,,,,-10,,,,,,,,,,,,-4,,,,,,,,,,,,-9,,,,,-10,,,,,,-10,,,,,,,,,,,,,,,,,,,,,,,,-6,,,,-6,-6,,,,,,-7,-6,,,,-9,,,,-10,,,-10,,,,,,,,,,,,,,-9,,,,,-8,,,,,-10,,,,,-10,,,,,-2,9,,,,,,,
1819,-6,,,,,,,-10,,,,,,,,,,,,,,,,,,,,,-5,-6,,,,,,,,,,,-10,,,,,,,,,,,,-4,,,,,,,,,,,,-9,,,,,-10,,,,,,-10,,,,,,,,,,,,,,,,,,,,,,,,-6,,,,-6,-6,,,,,,-7,-6,,,,-9,,,,-10,,,-10,,,,,,,,,,,,,,-9,,,,,-8,,,,,-10,,,,,-10,,,,,-2,9,,,,,,,
1820,-6,,,,,,,-10,,,,,,,,,,,,,,,,,,,,,-5,-6,,,,,,,,,,,-10,,,,,,,,,,,,-4,,,,,,,,,,,-3,-9,,,,,-10,,,,,,-10,,,,,,,,,,,,,,,,,,,,,,,,-6,,,,-6,-6,,,,,,-7,-6,,,,-9,,,,-3,,,-10,,,,,,,,,,,,,,-4,,,,,-8,,,,,-10,,,,,-10,,,,,-2,9,,,,,,,
1821,-6,,,,,,,-10,,,,,,,,,,,,,,,,,,,,,-5,-6,,,,,,,,,,,-10,,,,,,,,,,,,-4,,,,,,,,,,,-3,-9,,,,,-10,,,,,,-10,,,,,,,,,,,,,,,,,,,,,,,,-6,,,,-6,-6,,,,,,-7,-6,,,,-9,-3,,,-3,,,-10,,,,,,,,,,,,,,-4,,,,,-8,,,,,-10,,,,,-10,,,,,-2,9,,,,,,,
1822,-6,,,,,,,-10,,,,,,,,,,,,,,,,,,,,,-5,-6,,,,,,,,,,,-10,,,,,,,,,,,,-4,,,,,,,,,,,-3,-9,,,,,-10,,,,,,-10,,,,,,,,,,,,,,,,,,,,-1,,,,-6,,,,-6,-6,,,,,,-7,-6,,,,-9,-5,,,-3,,,-10,,,,,,,,,,,,,,-4,,,,,-8,,,,,-10,,,,,-10,,,,,-2,9,,,,,,,
1823,-6,,,,,,,-10,,,,,,,,,,,,,,,,,,,,,-5,-6,,,,,,,,,,,-10,,,,,,,,,,,,-4,,,,,,,,,,,-3,-9,,,,,-10,,,,,,-10,,,,,,,,,,,,,,,,,,,,-1,,,,-6,,,,-6,-6,,,,,,-7,-6,,,,-9,-5,,,-3,,,-10,,,,,,,,,,,,,,-6,,,,,-8,,,,,-10,,,,,-10,,,,,-2,9,,,,,,,
1824,-6,,,,,,,-10,,,,,,,,,,,-6,,,,,,,,,,-5,-6,,,,,,,,,,,-10,,,,,,,,,,,,-4,,,,,,,,,,,-3,-9,,,,,-10,,,,,,-10,,,,,,,,,,,,,,,,,,,,-1,,,,-6,,,,-6,-6,,,,,,-7,-6,,,,-9,-3,,,-3,,,-10,,,,,,,,,,,,,,-6,,,,,-8,,,,,-10,,,,,-10,,,,,-2,9,,,,,,,
1825,-6,,,,-5,,,-10,,,,,,,,-3,,,-6,,,,,,,,,,-5,-6,,,,,,,,,,,-10,,,,,,,,,,,,-4,,,,,,,,,,,-3,-9,,,,,-10,,,,,,-10,,,,,,,,,,,,,,,,,,,,-1,,,,-6,,,,-6,-6,,,,,,-7,-6,,,,-9,-1,,,-3,,,-10,,,,,,,,,,,,,,-6,,,,,-8,,,,,-10,,,,,-10,,,,,-2,9,,,,,,,
1826,-6,,,,-5,,,-10,,,,,,,,-3,,,-6,,,,,,,,,,-5,-6,,,,,,,,,,,-10,,,,,,,,,,,,-4,,,,,,,,,,,-3,-9,,,,,-10,,,,,,-10,,,,,,,,,,,,,,,,,,,,-1,,,,-6,,,,-6,-6,,,,,,-7,-6,,,,-9,1,,,-3,,,-10,,,,,,,,,,,,,,-6,,,,,-8,,,,,-10,,,,,-10,,,,,-2,9,,,,,,,
1827,-6,,,,-5,,,-10,,,,,,,,-3,,,-6,,,,,,,,,,-5,-6,,,,,,,,,,,-10,,,,,,,,,,,,-4,,,,,,-5,,,,,-3,-9,,,,,-10,,,,,,-10,,,,,,,,,,,,,,,,,,,,-1,,,,-6,,,,-6,-6,,,,,,-7,-6,,,,-9,3,,,-3,,,-10,,,,,,,,,,,,,,-6,,,,,-8,,,,,-10,,,,,-10,,,,,-2,9,,,,,,,
1828,-6,,,,-5,,,-10,,,,,,,,-3,,,-6,,,,,,,,,,-5,-6,,,,,,,,,,,-10,,,,,,,,,,,,-4,,,,,,-5,,,,,-3,-9,,,,,-10,,,,,,-10,,,,,,,,,,,,,,,,,,,,-1,,,,-6,,,,-6,-6,,,,,,-7,-6,,,,-9,5,,,-3,,,-10,,,,,,,,,,,,,,-6,,,,,-8,,,,,-10,,,,,-10,,,,,-2,9,,,,,,,
1829,-6,,,,-5,,,-10,,,,,,,,-3,,,-6,,,,,,,,,,-5,-6,,,,,,,,,,,-10,,,,,,,,,,,,-4,,,,,,-5,,,,,-3,-9,,,,,-10,,,,,,-10,,,,,,,,,,,,,,,,,,,,-1,,,,-6,,,,-6,-6,,,,,,-7,-6,,,,-9,5,,,-3,,,-10,,,,,,,,,,,,,,-6,,,,,-8,,,,,-10,,,,,-10,,,,,-2,9,,,,,,,
1830,-6,,,,-5,,,-10,,,,,-4,,,-3,,,-6,,,,,,,,,,-5,-6,,,,,,,,,,,-10,,,-1,,,,,,,,,-1,,,,,,-4,,,,,-3,-9,,,,,-10,,,,,,-10,,,,,,,,,,,,,,,,,,,,-1,,,,-6,,,,-6,-6,,,,,,-7,-6,,,,-9,5,,,-3,,,-10,,,,-7,,,,,,,,,,-6,,,,,-8,,,,,-10,,,,,-10,,,,,-2,9,-3,,-5,,,,
1831,-6,,,,-5,,,-10,,,,,-4,,,-3,,,-6,,,,,,,,,,-5,-6,,,,,,,,,,,-10,,,-1,,,,,,,,,-1,,,,,,-4,,,,,-3,-9,,,,,-10,,,,,,-10,,,,,,,,,,,,,,,,,,,,-1,,,,-6,,,,-6,-6,,,,,,-7,-6,,,,-9,5,,,-3,,,-10,,,,-7,,,,,,,,,,-6,,,,,-8,,,,,-10,,,,,-10,,,,,-2,9,-3,,-5,,,,
1832,-6,,,,-5,,,-10,,,,,-4,,,-3,,,-6,,,,,,,,,,-5,-6,2,,,,,,,,,,-10,,,-1,,,,,,,,,-1,,,,,,-4,,,,,-3,-9,,,,,-10,,,,,,-10,,,,,,,,,,,,,,,,,,,,-1,,,,-6,,,,-6,-6,,,,,,-7,-6,,,,-9,5,,,-3,,,-10,,,,-7,,,,,,,,,,-6,,,,,-8,,,,,-10,,,,,-10,,,,,-2,9,-3,,-5,,,,
1833,-6,,,,-5,,,-10,,,,,-4,,,-3,,,-6,,,,,,,,,,-5,-6,2,,,,,,,,,,-10,,,-1,,,,,,,,,-1,,,,,,-3,,,,,-3,-9,,,,,-10,,,,,,-10,,,,,,,,,,,,,,,,,,,,-1,,,,-6,,,,-6,-6,,,,,,-7,-6,,,,-9,5,,,-4,,,-10,,,,-7,,,,,,,,,,-6,,,,,-8,,,,,-10,,,,,-10,,,,,-2,9,-3,,-5,,,,
1834,-6,,,,-5,,,-10,,,,,-4,,,-3,,,-6,,,,,,,,,,-5,-6,2,,,,,,,,,,-9,,,-1,,,,,,,,,-1,,,,,,-3,,,,,-3,-9,,,,,-10,,,,,,-10,,,,,,,,,,,,,,,,,,,,-2,,,,-6,,,,-6,-6,,,,,,-7,-6,,,,-9,5,,,-4,,,-10,,,,-7,,,,,,,,,,-6,,,,,-8,,,,,-10,,,,,-10,,,,,-2,9,-3,,-5,,,,
1835,-6,,,,-5,,,-10,,,,,-4,,,-3,,,-6,,,,,,,,,,-5,-6,2,,,,,,,,,,-9,,,-1,,,,,,,,,-1,,,,,,-3,,,,,-3,-9,,,,,-10,,,,,,-10,,,,,,,,,,,,,,,,,,,,-3,,,,-6,,,,-6,-6,,,,,,-7,-6,,,,-9,-3,,,-4,,,-10,,,,-7,,,,,,,,,,-6,,,,,-8,,,,,-10,,,,,-10,,,,,-2,9,-3,,-5,,,,
1836,-6,,,,-5,,,-10,,,,,-4,,,-3,,,-6,,,,,,,,,,-5,-6,2,,,,,,,,,,-9,,,-1,,,,,,,,,-1,,,,,,-3,,,,,-3,-9,,,,,-10,,,,,,-10,,,,,,,,,,,,,,,,,,,,-3,,,,-6,,,,-6,-6,,,,,,-7,-6,,,,-9,-3,,,1,,,-10,,,,-7,,,,,,,,,,-3,,,,,-8,,,,,-10,,,,,-10,,,,,-2,9,-3,,-5,,,,
1837,-6,,,,-5,,,-10,,,,,-4,,,-3,,,-6,,,,,,,,,,-5,-6,2,,,,,,,,,,-9,,,-1,,,,,,,,,-1,,,,,,-3,,,,,-3,-9,,,,,-10,,,,,,-10,,,,,,,,,,,,,,,,,,,,-3,,,,-6,,,,-6,-6,,,,,,-7,-6,,,,-9,-3,,,1,,,-10,,,,-7,,,,,,,,,,-1,,,,,-8,,,,,-10,,,,,-10,,,,,3,9,-3,,-5,,,,
1838,-6,,,,-5,,,-10,,,,,-4,,,-3,,,-6,,,,,,,,,,-5,-6,2,,,,-3,,,,,,-9,,,-1,,,,,,,,,-1,,,,,,-3,,,,,-3,-9,,,,,-10,,,,,,-10,,,,,,,,,,,,,,,,,,,,-3,,,,-6,,,,-6,-6,,-5,,,,-7,-6,,,,-9,-3,,,1,,,-10,,,,2,,,,,,,,,,-1,,,,,-8,,,,,-10,,,,,-10,,,,,3,9,-3,,-5,,,,
1839,-6,,,,-5,,,-10,,,,,-4,,,-3,,,-6,,,,,,,,,,-5,-6,2,,,,-3,,,,,,-9,,,-1,,,,,,,,,-1,,,,,,-3,-3,,,,-3,-9,-3,,,,-10,,,,,,-10,,,,,,,,,,,,,,,,,,,,-3,,,,-6,,,,-6,-6,,-5,,,,-7,-6,,,,-9,-1,,,1,,,-10,,,,2,,,,,,,,,,-1,,,,,-8,,,,,-10,,,,,-10,,,,,3,9,-3,,-5,,,,
1840,-6,,,,-5,,,-10,,,,,-4,,,-3,,,-6,,,,,,,,,,-5,-6,2,,,,-3,,,,,,-9,,,-1,,,,,,,,,-1,,,,,,-3,-3,,,,-3,-9,-3,,,,-10,,,,,,-10,,,,,,,,,,,,,,,,,,,,-3,,,,-6,,,,-6,-7,,-5,,,,-7,-6,,,,-9,-1,,,1,,,-10,,,,2,,,,,,,,,,-1,,,,,-8,,,,,-10,,,,,-10,,,,,3,9,-3,,-5,,,,
1841,-6,,,,-5,,,-10,,,,,-4,,,-3,,,-6,,,,,,,,,,-5,-6,2,,,,1,,,,,,-9,,,-1,,-1,,,,,,,-1,,,,,,-3,-3,,,,-3,-9,-3,,,,-10,,,,,,-10,,,,,,,,,,,,,,,,,,,,-3,,,,-6,,,,-6,-7,,-5,,,,-7,-6,,,,-9,-1,,,1,,,-10,,,,2,,,,,,,,,,-1,,,,,-8,,,,,-10,,,,,-10,,,,,3,9,-3,,-5,,,,
1842,-6,,,,-5,,,-10,,,,,-4,,,-3,,,-6,,,,,,,,,,-5,-6,2,,,,1,,,,,,-9,,,-1,,-1,,,,,,,-1,,,,,,-3,-3,,,,-3,-9,-3,,,,-10,,,,,,-10,,,,,,,,,,,,,,,,,,,,-3,,,,-6,,,,-6,-7,,-5,,,,-7,-6,,,,-9,-1,,,-4,,,-10,,,,2,,,,,,,,,,-1,,,,,-7,,,,,-10,,,,,-10,,,,,3,9,-3,,-5,,,,
1843,-6,,,,-5,,,-10,,,,,-4,,,-3,,,-6,,,,,,,,,,-5,-6,2,,,,1,,,,,,-9,,,-1,,-1,,,,,,,-1,,,,,,-3,-3,,,,-3,-9,-3,,,,-10,,,,,,-10,,,,,,,,,,,,,,,,,,,,-3,,,,-6,,,,-6,-7,,-5,,,,-7,-6,,,,-9,-1,,,-4,,,-10,,,,2,,,,,,,,,,-1,,,,,-7,,,,,-10,,,,,-10,,,,,3,9,-3,,-5,,,,
1844,-6,,,,-5,,,-10,,,,,-4,,,-3,,,-6,,,,,,,,,,-5,-6,2,,,,1,,,,,,-9,,-3,-1,,-1,,,,,,,-1,,,,,,-4,-3,,,,-3,-9,-3,,,,-10,,,,,,-10,,,,,,,,,,,,,,,,,,,,-3,,,,-6,,,,-6,-7,,-5,,,,-7,-6,,,,-9,-1,,,-4,,,-10,,,,2,,,,,,,,,,-1,,,,,-7,,,,,-10,,,,,-10,,,,,3,9,-3,,-5,,,,
1845,-6,,,,-5,,,-10,,,,,-4,,,-3,,,-6,,,,,,,,,,-5,-6,2,,,,1,,,,,,-9,,-3,-1,,-1,,,,,,,-1,,,,,,-4,-3,,,,-3,-9,-3,,,,-10,,,,,,-10,,,,,,,,,,,,,,,,,,,,-3,,,,-6,,,,-6,-7,,-5,,,,-7,-6,,,,-9,-1,,,-4,,,-10,,,,2,,,,,,,,,,-2,,,,,-7,,,,,-10,,,,,-10,,,,,3,10,-3,,-5,,,,
1846,-6,,,,-5,,,-10,,,,,-4,,,-3,,,-6,,,,,,,,,,-5,-6,2,,,,1,,,,,,-9,,-3,-1,,-1,,,,,,,-1,,,,,,-4,-3,,,,-3,-9,-3,,,,-10,,,,,,-10,,,,,,,,,,,,,,,,,,,,-3,,,,-6,,,,-3,-7,,-5,,,,-7,-6,,,,-9,-1,,,-4,,,-10,,,,2,,,,,,,,,,-2,,,,,-7,,,,,-10,,,,,-10,,,,,3,10,-3,,-5,,,,
1847,-6,,,,-5,,,-10,,,,,-4,,,-3,,,-6,,,,,,,,,,-5,-6,2,,,,1,,,,,,-9,,-3,-1,,-1,,,,,,,-1,,,,,,-4,-3,,,,-3,-9,-3,,,,-10,,,,,,-10,,,,,,,,,,4,,,,,,,,,,-3,,,,-6,,,,-3,-7,,-5,,,,-7,-6,,,,-9,-1,,,-4,,,-10,,,,2,,,,,,,,,,-2,,,,,-7,,,,,-10,,,,,-10,,,,,3,10,-3,,-5,,,,
1848,-6,,,,-5,,,-6,,,,,-4,,,-3,,,-6,,,,,,,,,,-5,-6,2,,,,1,,,,,,-9,,-3,-1,,-1,,,,,,,6,,,,,,-4,-3,,,,-3,-9,0,,,,-10,,,,,,-10,,,,,,,,,,4,,,,,,,,,,-3,,,,-6,,,,-3,-4,,-5,,,,-7,-6,,,,-9,-1,,,-4,,,-10,,,,2,,,,,,,,,,-2,,,,,-7,10,,,,-10,,,,,-10,,,,,3,10,-3,,-5,,,,
1849,-6,,,,-5,,,-6,,,,,-4,,,-3,,,-6,,,,,,,,,,-5,-6,2,,,,1,,,,,,2,,-3,-1,,-1,,,,,,,6,,,,,,-4,-3,,,,-3,-9,0,,,,-10,,,,,,-10,,,,,,,,,,4,,,,,,,,,,-3,,,,-6,,,,-3,-3,,-5,,,,-7,-6,,,,-9,-1,,,-4,,,-10,,,,2,,,,,,,,,,-2,,,,,-7,10,,,,-10,,,,,-10,,,,,3,10,-3,,-5,,,,
1850,-6,,,,-5,,,-6,,,,,-4,,,-3,,,-6,,,,,,,,,,-5,-6,2,,,,1,,,,,,2,,-3,-1,,-1,,,,,,,6,,,,,,-4,-1,,,,-3,-9,0,,,,-10,,,,,,-10,,,,,,,,,,4,,,,,,,,,,-3,,,,-6,,,,-3,-3,,-5,,,,-7,-6,,,,-9,-1,,,-4,,,-10,,,,2,,,,,,,,,,-2,,,,,-7,10,,,,-10,,,,,-10,,,,,3,9,-3,,-5,,,,
1851,-6,,,,-5,,,-6,,,,,-4,,,-3,,,-6,,,,,,,,,,0,-6,2,,,,1,,,,,,2,,-3,-1,,-1,,,,,,,-1,,,,,,-4,-1,,,,-3,-9,0,,,,-10,,,,,,-10,,,,,,,,,,4,,,,,,,,,,-3,,,,-6,,,,-3,-3,,-5,,,,-7,-6,,,,-9,-1,,,-4,,,-10,,,,2,,,,,,,,,,-2,,,,,-7,10,,,,-10,,,,,-10,,,,,3,9,-3,,-5,,,,
1852,-6,,,,-4,,,-6,,,,,-4,,,-3,,,-6,,,,,,,,,,0,-6,2,,,,1,,,,,,2,,-3,-1,,-1,,,,,,,-8,,,,,,-4,-1,,,,-3,-9,0,,,,-10,,,,,,-10,,,,,,,,,,4,,,,,,,,,,-3,,,,-6,,,,-3,-3,,-5,,,,-7,-6,,,,-9,-1,,,-4,,,-10,,,,2,,,,,,,,,,-5,,,,,-7,10,,,,-10,,,,,-10,,,,,3,9,-3,,-5,,,,
1853,-6,,,,-3,,,-6,,,,,6,,,-3,,,-6,,,,,,,,,,0,-6,2,,,,3,,,,,,2,,-3,-1,,-1,,,,,,,-8,,,,,,-4,-1,,,,-3,-9,0,,,,-10,,,,,,-10,,,,,,,,,,4,,,,,,,,,,-3,,,,-6,,,,-3,-3,,-5,,,,-7,-6,,,,-9,-1,,,-4,,,-10,,,,2,,,,,,,,,,-5,,,,,-7,10,,,,-10,,,,,-10,,,,,3,9,-3,,-5,,,,
1854,-6,,,,-3,,,-6,,,,,6,,,-3,,,-6,,,,,,,,,,0,-6,2,,,,3,,,,,,2,,-3,-1,,-1,,,,,,,-8,,,,,,-4,-3,,,,-3,-9,0,,,,-10,,,,,,-10,,,,,,,,,,4,,,,,,,,,,-3,,,,-6,,,,-3,-3,,-5,,,,-7,-6,,,,-9,-1,,,-4,,,-10,,,,2,,,,,,,,,,-5,,,,,-7,10,,,,-10,,,,,-10,,,,,3,8,-3,,-5,,,,
1855,-6,,,,-3,,,-6,,,,,6,,,-3,,,-6,,,,,,,,,,0,-6,2,,,,3,,,,,,2,,-3,-1,,-1,,,,4,,,-8,,,,,,-4,-3,,,,-3,-9,0,,,,-10,,,,,,-10,,,,,,,,,,4,,,,,,,,,,-3,,,,-6,,,,-3,-3,,-5,,,,-7,-6,,,,-9,-1,,,-6,,,-10,,,,2,,,,,,,,,,-5,,,,,-5,10,,,,-10,,,,,-10,,,,,3,8,-3,,-5,,,,
1856,-6,,,,-3,,,-6,,,,,6,,,-3,,,-6,,,,,,,,,,0,-6,2,,,,3,,,,,,2,,-3,-1,,-1,,,,4,,,-8,,,,,,-4,-3,,,,-3,-9,0,,,,-10,,,,,,-10,,,,,,,,,,4,,,,,,,,,,-3,,,,-6,,,,-3,-3,,-5,,,,-7,-6,,,,-9,-1,,,-6,,,-10,,,,2,,,,,,,,,,-5,,,,,-5,10,,,,-10,,,,,-10,,,,,3,8,-3,,-5,,,,
1857,-6,,,,-3,,,-6,,,,,6,,,-3,,,-6,,,,,,,,,,0,-6,2,,,,3,,,,,,2,,-3,-1,,-1,,,,4,,,-8,,,,,,-4,-3,,,,-3,-9,0,,,,-10,,,,,,-10,,,,,,,,,,4,,,,,,,,,,-3,,,,-6,,,,-3,-3,10,-5,,,,-7,-6,,,,-9,-1,,,-6,,,-10,,,,2,,,,,,,,,,-5,,,,,-5,10,,,,-10,,,,,-10,,,,,3,8,-3,,-5,,,,
1858,-6,,,,-3,,,-6,,,,,6,,,-3,,,-6,,,,,,,,,,0,-6,2,,,,3,,,,,,2,,-3,-1,,-1,,,,4,,,-8,,,,,,-4,-3,,,,-3,-9,0,,,,-10,,,,,,-9,,,,,,,,,,4,,,,,,,,,,-3,,,,-6,,,,-3,-3,10,-5,,,,-7,-6,,,,-9,-1,,,-6,,,-10,,,,-9,,,,,,,,,,-5,,,,,-5,10,,,,-10,,,,,-10,,,,,3,8,-3,,-5,,,,
1859,-6,,,,-3,,,-6,,,,,6,,,-3,,,-6,,,,,,,,,,0,-6,2,,,,3,,,,,,2,,-3,-1,,-1,,,,4,,,-8,,,,,,-4,-3,,,,-3,-9,0,,,,-10,,,,,,-8,,,,,,,,,,4,,,,,,,,,,-3,,,,-6,,,,-3,-3,10,-5,,,,-7,-6,,,,-9,-1,,,-6,,0,-10,,,,-9,,,,,,,,,,-6,,,,,-5,10,,,,-10,,,,,-10,,,,,3,8,-3,,-5,,,,
1860,-6,,,,-3,,,-6,,,,,6,,,-3,,,-6,,,,,,,,,,0,-6,0,,,,3,,,,,,2,,-3,-1,,-1,,,,4,,,-8,,,,,,-4,-3,,,,-3,-9,0,,,,-10,,,,,,-7,,,,,,,,,,4,,,,,,,,,,-3,,,,-6,,,,-3,-3,10,-5,,,,-7,-6,,,,-9,-1,,,-7,,0,-10,,,,-4,,,,,,,,,,-6,,,,,-5,10,,,,-10,,,,,-10,,,,,3,8,-3,,-5,,,,
1861,-6,,,,-3,,,-4,,,,,6,,,-3,,,-6,,,,,,,,,,0,-6,-5,,,,3,,,,,,2,,0,-1,,-1,,,,4,,,-7,,,,,,-4,-3,,,,-3,-9,0,,,,-10,,,,-4,,-6,,,,,,,,,,4,,,,,,,,,,-3,,,,-6,,,,-3,-3,10,-5,,,,-7,-6,,,,-9,-1,,,-7,,0,-10,,,,0,,,,,,,,,,-6,,,,,-5,10,,,,-10,,,,,-10,,,,,3,8,-3,,-5,,,,
1862,-6,,,,-3,,,-4,,,,,6,,,-3,,,-6,,,,,,,,,,0,-6,-5,,,,3,,,,,,2,,0,-1,,-1,,,,4,,,-6,,,,,,0,-3,,,,-3,-9,0,,,,-10,,,,-4,,-5,,,,,,,,,,4,,,,,,,,,,-3,,,,-6,,,,-3,-3,10,-5,,,,-7,-6,,,,-9,-1,,,-7,,0,-10,,,,0,,,,,,,,,,-6,,,,,-5,10,,,,-10,,,,,-10,,,,,3,8,-3,,-5,,,,
1863,-6,,,,-3,,,-4,,,,,6,,,-3,,,-6,,,,,,,,,,0,-6,-5,,,,3,,,,,,2,,0,-1,,-1,,,,4,,,-6,,,,,,3,-3,,,,-3,-9,0,,,,-10,,,,-4,,-4,,,,,,,,,,4,,,,,,,,,,-3,,,,-6,,,,-3,-3,10,-5,,,,-7,-6,,,,-9,-1,,,-7,,0,-10,,,,0,,,,,,,,,,-6,,,,,-5,10,,,,-10,,,,,-10,,,,,3,8,-3,,-5,,,,
1864,-6,,,,-3,,,-4,,,,,6,,,-7,,,-6,,,,,,,,,,0,-6,-5,,,,3,,,,,,2,,0,-1,,-1,,,,4,,,-6,,,,,,7,-3,,,,-3,-9,-3,,,,-10,,,,-4,,-3,,,,,,,,,,4,,,,,,,,,,-3,,,,-6,,,,-3,-3,10,-5,,,,-7,-6,,,,-9,-1,,,-7,,-2,-10,,,,0,,,,,,,,,,-6,,,,,-5,10,,,,-10,,,,,-10,,,,,3,8,-3,,-5,,,,
1865,-6,,,,-3,,,-4,,,,,6,,,-7,,,-6,,,,,,,,,,0,-6,-5,,,,3,,,,,,2,,-3,-1,,-1,,,,4,,,-6,,,,,,7,-3,,,,-3,-9,-3,,,,-10,,,,-4,,-2,,,,,,,,,,4,,,,,,,,,,-3,,,,-6,,,,-3,-3,10,-5,,,,-7,-6,,,,-9,-1,,,-7,,-2,-10,,,,0,,,,,,,,,,-6,,,,,-5,10,,,,-10,,,,,-10,,,,,3,8,-3,,-5,,,,
1866,-6,,,,-3,,,-4,,,,,6,,,-7,,,-6,,,,,,,,,,0,-6,-5,,,,3,,,,,,-1,,-3,-1,,-1,,,,4,,,-6,,,,,,7,-3,,,,-3,-9,-3,,,,-10,,,,-4,,-1,,,,,,,,,,4,,,,,,,,,,-3,,,,-6,,,,-3,-3,10,-5,,,,-7,-6,,,,-9,-1,,,-7,,-7,-10,,,,0,,,,,,,,,,-6,,,,,-5,10,,,,-10,,,,,-10,,,,,3,8,-3,,-5,,,,
1867,-6,,,,-3,,,-4,,,,,6,,,-7,,,-6,,,,,,4,,,,0,-6,8,,,,5,,,,,,-1,,-3,-1,,-1,,,,4,,,-6,,,,,,7,-3,,,,-3,-9,-3,-4,,,-10,,,,-4,,0,,,,,,,,,,4,,,,,,,,,,-5,,,,-6,,,,-3,-3,10,-5,,,,-7,-6,,,,-9,-1,,,-7,,-7,-10,,,,0,,,,,,,,,,-6,,,,,-5,10,,,,-10,,,,,-10,,,,,3,8,-3,,-5,,,,
1868,-6,,,,-3,,,-4,,,,,6,,,-7,,,-6,,,,,,4,,,,0,-6,8,,,,5,,,,,,-1,,-3,-1,,-1,,,,4,,,-6,,,,-6,,7,-3,,,,-3,-9,-3,-4,,,-10,,,,-4,,1,,,,,,,,,,4,,,,,,,,,,-5,,,,-6,,,,-3,-3,10,-5,,,,-7,-6,,,,-9,-1,,,-7,,-7,-10,,,,-3,,,,,,,,,,-4,,,,,-5,10,,,,-10,,,,,-10,,,,,3,8,-3,,-5,,,,
1869,-6,,,,-3,,,-4,,,,,6,,,-7,,,-6,,,,,,4,,,,0,-6,8,,,,5,,,,,,-1,,-3,-1,,-1,,,,4,,,-3,,,,-5,,7,-3,,,,-3,-9,-3,-4,,,-10,,,,-4,,1,,,,,,,,,,4,,,,,,,,,,-5,,,,-6,,,,-3,-3,10,-5,,,,-7,-6,,,,-6,-1,,,-7,,-7,-10,,,,-5,,,,,,,,,,-2,,,,,-5,10,,,,-10,,,,,-10,,,,,3,8,-3,,-5,,,,
1870,-6,,,,-3,,,-4,,,,,6,,,-7,,,-6,,,,,,4,,,,0,-6,8,,,,5,,,,,,-3,,-3,-1,,-1,,,,4,,,-2,,,,-5,,9,-3,,,,-3,-9,-3,-4,,,-10,,,,-4,,1,,,,,,,,,,4,,,,,,,,,,-5,,,,-6,,,,-3,-3,10,-5,,,,-7,-6,,,,-3,-1,,,-7,,-7,-10,,,,-5,,,,,,,,,,-1,,,,,-4,10,,,,-10,,,,,-10,,,,,3,8,-3,,-5,,,,
1871,-6,,,,-3,,,-4,,,,,6,,,-6,,,-6,,,,,,4,,,,0,-6,8,,,,5,,,,,,-3,,-3,-1,,-1,,,,4,,,-1,,,,-4,,9,-2,,,,-3,,-3,-4,,,-10,,,,-4,,1,,,,,,,,,,4,,,,,,,,,,-5,,,,-6,,,,-3,-3,10,-5,,,,-7,-6,,,,-3,-1,,,-7,,-7,-10,,,,-5,,,,,,,,,,1,,,,,-4,10,,,,-10,,,,,-10,,,,,3,10,-3,,-5,,,,
1872,-6,,,,-3,,,-4,,,,,6,,,-4,,,-6,,,,,,4,,,,0,-6,8,,,,5,,,,,,-3,,-3,-1,,-1,,,,4,,,1,,,,-4,,9,-2,,,,-3,,-3,-4,,,-10,,,,-4,,1,,,,,,,,,,4,,,,,,,,,,-5,,,,-6,,,,-3,-3,10,-5,,,,-7,-6,,,,-3,-1,,,-7,,-7,-10,,,,-5,,,,,,,,,,1,,,,,-4,10,,,,-10,,,,,-10,,,,,3,10,-3,,-5,,,,
1873,-6,,,,-3,,,-4,,,,,6,,,-3,,,-6,,,,,,4,,,,0,-6,8,,,,5,,,,,,-3,,-3,-1,,-1,,,,4,,,2,,,,-4,,9,-1,,,,-3,,-3,-4,,,-10,,,,-4,,1,,,,,,,,,,4,,,,,,,,,,-5,,,,-6,,,,-3,-3,10,-5,,,,-4,-6,,,,-3,-1,,,-7,,-7,-10,,,,-5,,,,,,,,,,-5,,,,,-4,10,,,,-10,,,,,-10,,,,,3,10,-3,,-5,,,,
1874,-6,,,,-3,,,-4,,,,,6,,,-3,,,-6,,,,,,4,,,,3,-6,8,,,,5,,,,,,-3,,-3,-1,,-1,,,,4,,,3,,,,-4,,9,-1,,,,-3,,-3,-4,,,-10,,,,-4,,1,,,,,,,,,,4,,,,,,,,,,-5,,,,-6,,,,-3,-3,10,-5,,,,-4,-6,,,,-3,-1,,,-7,,-7,-10,,,,-5,,,,,,,,,,-4,,,,,-4,10,,,,-10,,,,,-10,,,,,3,10,-3,,-5,,,,
1875,-6,,,,-3,,,-4,,,,,6,,,-3,,,-6,,,,,,4,,,,3,-6,8,,,,6,,,,,,-3,,-3,-1,,-1,,,,4,,,5,,,,-4,,9,-1,,,,-3,,-3,-4,,,-10,,,,-4,,1,,,,,,,,,,4,,,,,,,,,,-5,,,,-6,,,,-3,-3,10,-5,,,,-4,-6,,,,-3,-1,,,-7,,-7,-10,,,,-5,,,,,,,,,,-2,,,,,-4,10,,,,-10,,,,,-10,,,,,3,10,-3,,-5,,,,
1876,-6,,,,-3,,,-4,,,,,6,,,-7,,,-6,,,,,,4,,,,3,-6,8,,,,6,,,,,,-3,,-3,-1,,-1,,,,4,,,6,,,,-4,,9,-5,,,,-3,,-3,-4,,,-10,,,,-4,,1,,,,,,,,,,4,,,,,,,,,,-6,,,,-6,,,,-3,-3,4,-5,,,,-4,-6,,,,-3,-1,,,-7,,-7,-10,,,,-5,,,,,,,,,,-1,,,,,-4,10,,,,-10,,,,,-4,,,,,3,10,-3,,-5,,,,
1877,-6,,,,-3,,,-4,,,,,6,,,-7,,,-6,,,,,,4,,,,3,-6,8,,,,6,,,,,,-3,,-3,-1,,-1,,,,4,,,7,,,,-4,,9,-5,,,,-3,,-3,-4,,,-10,,,,-4,,1,,,,,,,,,,4,,,,,,,,,,-7,,,,-6,,,,-3,-3,9,-5,,,,-4,-6,,,,-4,-1,,,-7,,-7,-10,,,,-5,,,,,,,,,,-1,,,,,-4,10,,,,-10,,,,,-10,,,,,3,10,-3,,-5,,,,
1878,-6,,,,-3,,,-4,,,,,6,,,-7,,,-6,,,,,,4,,,,3,-6,8,,,,6,,,,,,-3,,-3,-1,,-1,,,,4,,,7,,,,-4,,9,-5,,,,-3,,-3,-4,,,-10,,,,-4,,1,,,,,,,,,,4,,,,,,,,,,-8,,,,-6,,,,-3,-3,9,-5,,,,-4,-6,,,,-4,-1,,,-7,,-7,-10,,,,-5,,,,,,,,,,-1,,,,,-4,10,,,,-10,,,,,-10,,,,,3,10,-3,,-5,,,,
1879,-6,,,,-3,,,-4,,,,,6,,,-7,,,-6,-4,,,,,4,,,,3,-6,8,,,,6,,,,,,-3,,-3,-1,,-1,,,,4,,,7,,,,-4,,9,2,,,,-3,,-3,-4,,,-10,,,,-4,,1,,,,,,,,,,4,,,,,,,,,,-9,,,,-6,,,,-3,-3,9,-5,,,,-4,-6,,,,-4,-3,,,-7,,-7,-10,,,,-5,,,,,,,,,,4,,,,,-4,10,,,,-10,,,,,-10,,,,,3,10,-3,,-5,,,,
1880,-6,,,,1,,,-4,,,,,6,,,2,,,-6,-4,,,,,4,,,,3,-6,8,,,,6,,,,,,-3,,-3,-1,,-1,,,,4,,,7,,,,-4,,10,2,,,,-3,,-3,-4,,,-10,,,,-4,,1,,,,,,,,,,4,,,,,,,,,,-9,,,,-6,,,,-3,-3,9,-5,,,,-4,-6,,,,-4,-3,,,-5,,-7,-10,,,,-5,,,,,,,,,,4,,,,,-4,10,,,,-10,,,,,-10,,,,,7,10,-3,,-5,,,,
1881,-6,,,,1,,,-4,,,,,6,,,2,,,-6,-6,,,,,4,,,,3,-6,8,,,,6,,,,,,-3,,-3,-1,,-1,,,,4,,,7,,,,-4,,10,2,,,,-3,,-3,-4,,,-10,,,,-4,,1,,,,,,,,,,4,,,,,,,,,,-9,,,,-6,,,,-3,-3,9,-5,,,,-4,-6,,,,-4,-3,,,-5,,-7,-10,,,,-5,,,,,,,,,,4,,,,,-4,10,,,,-10,,,,,-10,,,,,7,10,-3,,-4,,,,
1882,-6,,,,1,,,-4,,,,,6,,,2,,,-6,-6,,,,,4,,,,3,-6,8,,,,6,,,,,,-3,,-3,-1,,-1,,,,4,,,7,,,,-4,,10,2,,,,-3,,-3,-4,,,-10,,,,-4,,1,,,,,,,,,,4,,,,,,,,,,-9,,,,-6,,,,-3,-3,9,-5,,,,-4,-6,,,,-4,-3,,,-5,,-7,-10,,,,-5,,,,,,,,,,4,,,,,-4,10,,,,-10,,,,,-10,,,,,7,10,-3,,-4,,,,
1883,-6,,,,1,,,-4,,,,,6,,,2,,,-6,-1,,,,,4,,,,3,-6,8,,,,7,,,,,,-3,,-3,-1,,-1,,,,4,,,7,,,,-4,,10,2,,,,-3,,-3,-4,,,-10,,,,-4,,1,,,,,,,,,,4,,,,,,,,,,-9,,,,-6,,,,-3,-3,9,-5,,,,-4,-6,,,,-4,-3,,,-5,,-7,-10,,,,-5,,,,,,,,,,4,,,,,-4,10,,,,-10,,,,,-10,,,,,7,10,-3,,-4,,,,
1884,-6,,,,1,,,-4,,,,,6,,,2,,,-6,-1,,,,,4,,,,3,-6,8,,,,7,,,,,,-3,,-3,-1,,-1,,,,4,,,7,,,,-4,,10,2,,,,-3,,-3,-4,,,-10,,,,-4,,1,,,,,,,,,,-3,,,,,,,,,,-9,,,,-6,,,,-3,-3,9,-5,,,,-2,-6,,,,-4,-3,,,-5,,-7,-10,,,,-5,,,,,,,,,,4,,,,,-4,10,,,,-10,,,,,-10,,,,,7,10,-3,,-4,,,,
1885,-6,,,,1,,,-4,,,,,6,,,2,,,-6,-1,,,,,4,,,,3,-6,8,,,,7,,,,,,-3,,-3,-1,,-1,,,,4,,,7,,,,-4,,10,2,,,,-3,,-3,-4,,,-10,,,,-4,,1,,,,,,,,,,-3,,,,,,,,,,-9,,,,-6,,,,-3,-3,9,-5,,,,-2,-6,,,,-4,-3,,,-5,,-7,-10,,,,-5,,,,,,,,,,4,,,,,-4,10,,,,-10,,,,,-10,,,,,7,10,-3,,-4,,,,
1886,-6,,,,1,,,-4,,,,,6,,,2,,,-6,-5,,,,,4,,,,3,-6,-3,,,,7,,,,,,-3,,-3,-1,,-1,,,,4,,,7,,,,-4,,10,2,,,,-3,,-3,-4,,,-10,,,,-4,,1,,,,,,,,,,-3,,,,,,,,,,-9,,,,-6,,,,-3,-3,9,-5,,,,-2,-6,,,,-4,2,,,-5,,-7,-10,,,,-5,,,,,,,,,,4,,,,,-4,10,,,,-10,,,,,-10,,,,,7,10,-3,,-4,,,,
1887,-6,,,,1,,,-4,,,,,6,,,2,,,-6,-5,,,,,4,,,,3,-6,-3,,,,7,,,,,,-3,,-3,-1,,-1,,,,4,,,7,,,,-4,,10,2,,,,-3,,-3,-4,,,-10,,,,-4,,1,,,,,,,,,,-3,,,,,,,,,,-9,,,,-6,,,,-3,-3,9,-5,,,,-2,-6,,,,-4,2,,,-5,,-7,-10,,,,-5,,,,,,,,,,4,,,,,-4,10,,,,-10,,,,,-10,,,,,7,10,-3,,-4,,,,
1888,-6,,,,1,,,-4,,,,,6,,,2,,,-6,-5,,,,,9,,,,5,-6,-3,,,,7,,,,,,-3,,-3,-1,,-1,,,,4,,,7,,,,-4,,10,2,,,,-3,,-3,-4,,,-10,,,,-4,,1,,,,,,,,,,-3,,,,,,,,,,-9,,,,-6,,,,-3,-3,9,-5,,,,-2,-6,,,,-4,2,,,-5,,-7,-10,,,,-5,,,,,,,,,,4,,,,,-4,10,,,,-10,,,,,-10,,,,,7,10,-3,,-4,,,,
1889,-6,,,,1,,,-4,,,,,6,,,2,,,-3,-5,,,,,9,,,,5,-6,-3,,,,7,,,,,,-3,,-3,-1,,-1,,,,4,,,7,,,,-4,,10,2,,,,-3,,-3,-4,,,-10,,,,-4,,1,,,,,,,,,,-3,,,,,,,,,,-9,,,,-6,,,,-3,-2,9,-5,,,,-2,-6,,,,-4,2,,,-5,,-7,-10,,,,-5,,,,,,,,,,4,,,,,-4,10,,,,-10,,,,,-10,,,,,7,10,-3,,-4,,,,
1890,-6,,,,1,,,-4,,,,,6,,,2,,,-3,-5,,,,,9,,,,5,-6,-3,,,,10,,,,,,-3,,-3,-1,,-1,,,,4,,,7,,,,1,,10,2,,,,-3,,-3,-4,,,-10,,,,-4,,1,,,,,,,,,,-4,,,,,,,,,,-9,,,,-6,,,,-3,-2,9,-5,,,,-2,-6,,,,-4,2,,,-4,,-7,-10,,,,-5,,,,,,,,,,5,,,,,-4,10,,,,-10,,,,,-10,,,,,7,10,-3,,-4,,,,
1891,-6,,,,1,,,-4,,,,,6,,,2,,,-3,-5,,,,,9,,,,3,-6,-3,,,,10,,,,,,-3,,-3,-1,,-1,,,,4,,,7,,,,1,,10,2,,,,-3,,-3,-4,,,-10,,,,-4,,1,,,,,,,,,,-4,,,,,,,,,,-9,,,,-6,,,,-3,-2,9,-5,,,,-2,-6,,,,-4,2,,,-4,,-7,-10,,,,-5,,,,,,,,,,5,,,,,-4,10,,,,-10,,,,,-10,,,,,7,10,-3,,-4,,,,
1892,-6,,,,1,,,-4,,,,,6,,,2,,,-3,-5,,,,,9,,,,3,-6,-3,,,,10,,,,,,-3,,-3,-1,,-1,,,,4,,,7,,,,1,,10,2,,,,-3,,-3,-4,,,-10,,,,-4,,1,,,,,,,,,,-4,,,,,,,,,,-9,,,,-6,,,,-3,-2,9,-5,,,,-2,-6,,,,-4,2,,,-4,,-7,-10,,,,-5,,,,,,,,,,5,,,,,-4,10,,,,-10,,,,,-10,,,,,7,10,-3,,-3,,,,
1893,-6,,,,1,,,-4,,,,,6,,,2,,,-3,-5,,,,,9,,,,3,-6,-3,,,,10,,,,,,-3,,-3,-1,,-1,,,,4,,,7,,,,1,,10,2,,,,-3,,-3,-4,,,-10,,,,-4,,1,,,,,,,,,,-4,,,,,,,,,,-9,,,,-6,,,,-3,-2,10,-5,,,,-2,-6,,,,-4,2,,,-4,,-7,-10,,,,-5,,,,,,,,,,5,,,,,-4,10,,,,-10,,,,,-10,,,,,7,10,-3,,-3,,,,
1894,-6,,,,1,,,-4,,,,,6,,,2,,,-3,-9,,,,,9,,,,3,-6,-3,,,,10,,,,,,-3,,-3,-1,,-1,,,,4,,,7,,,,1,,10,2,,,,-3,,5,-4,,,-10,,,,-4,,1,,,,,,,,,,-4,,,,,,,,,,-9,,,,-6,,,,-3,-2,10,-5,,,,-2,-6,,,,-4,2,,,-4,,-7,-10,,,,-5,,,,,,,,,,5,,,,,-4,10,,,,-10,,,,,-10,,,,,7,10,-3,,-3,,,,
1895,-6,,,,1,,,-4,,,,,6,,,2,,,-3,-9,,,,,9,,,,3,-6,-3,,,,10,,,,,,-3,,-3,-1,,-1,,,,4,,,7,,,,1,,10,2,,,,-3,,5,-4,,,-10,,,,-4,,1,,,,,,,,,,-4,,,,,,,,,,-9,,,,-6,,,,-3,-2,10,-5,,,,-2,-6,,,,-4,2,,,-4,,-7,-10,,,,-5,,,,,,,,,,4,,,,,-4,10,,,,-10,,,,,-10,,,,,7,10,-3,,-3,,,,
1896,-6,,,,1,,,-4,,,,,6,,,2,,,-3,-9,,,,,9,,,,3,-6,-3,,,,10,,,,,,-3,,-3,-1,,-1,,,,4,,,7,,,,1,,10,-3,,,,-3,,5,-4,,,-10,,,,-4,,1,,,,,,,,,,-4,,,,,,,,,,-9,,,,-6,,,,-3,-2,10,-5,,,,-2,-6,,,,-4,2,,,-4,,-7,-10,,,,-5,,,,,,,,,,4,,,,,-4,10,,,,-10,,,,,-10,,,,,7,10,-3,,-3,,,,
1897,-6,,,,1,,,-4,,,,,6,,,2,,,-3,-9,,,,,9,,,,3,-6,-3,,,,10,,,,,,-3,,-3,-1,,-1,,,,4,,,7,,,,1,,10,-3,,,,-3,,5,-4,,,-10,,,,-4,,1,,,,,,,,,,-4,,,,,,,,,,-9,,,,-6,,,,-3,-2,10,-5,,,,-2,-6,,,,-4,2,,,-4,,-7,-10,,,,-5,,,,,,,,,,4,,,,,-4,10,,,,-10,,,,,-10,,,,,7,10,-3,,-3,,,,
1898,-6,,,,1,,,-4,,,,,6,,,2,,,-3,-9,,,,,9,,,,3,-6,-3,,,,10,,,,,,-3,,-3,-1,,-1,,,,4,,,8,,,,1,,10,2,,,,-3,,5,-4,,,-10,,,,-4,,1,,,,,,,,,,-4,,,,,,,,,,-9,,,,-6,,,,-3,-2,10,-5,,,,10,-6,,,,-4,2,,,-4,,-7,-10,,,,-5,,,,,,,,,,4,,,,,-4,10,,,,-10,,,,,-10,,,,,7,10,-3,,-3,,,,
1899,-6,,,,1,,,-4,,,,,6,,,2,,,-3,-9,,,,,9,,,,3,-6,-3,,,,10,,,,,,-3,,-3,-1,,-1,,,,4,,,8,,,,1,,10,2,,,,-3,,5,-4,,,-10,,,,-4,,1,,,,,,,,,,-4,,,,,,,,,,-9,,,,-6,,,,-3,-2,10,-5,,,,10,-6,,,,-4,2,,,-4,,-7,-10,,,,-5,,,,,,,,,,4,,,,,-4,10,,,,-10,,,,,-10,,,,,7,10,-3,,-3,,,,
1900,-6,,,,1,,,-4,,,,,6,,,2,,,-3,-9,,,,,9,,,,3,-6,0,,,,10,,,,,,-3,,-3,-1,,-1,,,,4,,,8,,,,1,,10,-9,,,,-3,,5,-4,,,-10,,,,-1,,1,,,,,,,,,,-4,,,,,,,,,,-9,,,,-6,,,,-3,-2,10,-5,,,,10,-6,,,,-4,2,,,-3,,-6,-10,,,,-5,,,,,,,,,,6,,,,,-4,10,,,,-10,,,,,-10,,,,,7,10,-3,,-3,,,,
1901,-6,,,,1,,10,-4,,,,,6,,,2,,,-3,-9,,,,,9,,,,3,-6,0,,,,10,,,,,,-2,,-3,-3,,-1,,,,4,,,8,,,,1,,10,-9,,,,-3,,5,-4,,,-10,,,,-1,,1,,,,,,,,,,-4,,,,,,,,,,-9,,,,-6,,,,-3,-2,10,-5,,,,10,-6,,,,-4,2,,,-3,,-6,-10,,,,-5,,,,,,,,,,6,,,,,-4,10,,,,-10,,,,,-10,,,,,8,10,-3,,-3,,,,
1902,-6,,,,1,,10,-4,,,,,6,,,2,,,-3,-9,,,,,9,,,,3,-6,0,,,,10,,,3,,,-1,,-3,-3,,-1,,,,4,,,8,,,,1,,10,-9,,,,-3,,5,-4,,,-10,,,,-1,,1,,,,,,,,,,-4,,,,,,,,,,-9,,,,-6,,,,-3,-2,10,-5,,,,10,-6,,,,-4,2,,,-3,,-6,-10,,,,-5,,,,,,,,,,6,,,,,-4,10,,,,-10,,,,,-10,,,,,8,10,-3,,-3,,,,
1903,-6,,,,1,,10,-4,,,,,6,,,2,,,-3,-9,,,,,9,,,,3,-6,0,,,,10,,,3,,,0,,-3,-3,,-6,,,,4,,,8,,,,1,,10,-9,,,,-3,,5,-4,,,-10,,,,-1,,1,,,,,,,,,,-4,,,,,,,,,,-9,,,,-6,,,,-3,-2,10,-5,,,,10,-6,,-3,,-4,2,,,-3,,-6,-10,,,,4,,,,,,,,,,6,,,,,-4,10,,,,-10,,,,,-10,,,,,8,10,-3,,-3,,,,
1904,-6,,,,1,,10,-4,,,,,6,,,2,,,-3,-9,,,,,9,,,,3,-6,-5,,,,10,,,3,,,1,,-3,-3,,-6,,,,4,,,8,,,,1,,10,-9,,,,-3,,0,-4,,,-10,,,,-1,,1,,,,,,,,,,-4,,,,,,,,,,-9,,,,-6,,,,-3,-2,10,-5,,,,10,-6,,-3,,-3,2,,,-3,,-6,-10,,,,4,,,,,,,,,,6,,,,,-4,10,,,,-10,,,,,-10,,,,,8,10,0,,-3,,,,
1905,-6,,,,1,,10,-4,,,,,6,,,2,,,-3,-9,,,,,9,,,,3,-6,-5,,,,10,,,3,,,2,,-3,-3,,-6,,,,4,,,8,,,,1,,10,-9,,,,-3,,0,-4,,,-10,,,,-1,,1,,,,,,,,,,-4,,,,,,,,,,-9,,,,-6,,,,-3,-2,10,-5,,,,10,-6,,-3,,-3,2,,,-3,,-6,-8,,,,4,,,,,,,,,,6,,,,,-4,10,,,,-10,,,,,-10,,,,,8,10,0,,-3,,,,
1906,-6,,,,1,,10,-4,,,,,6,,,2,,,-3,-9,,,,,9,,,,3,-6,-5,,,,10,,,3,,,3,,-3,-3,,-6,,,,4,,,8,,,,1,,10,-9,,,,-3,,0,-4,,,0,,,,-1,,1,,,,,,,,,,-4,,,,,,,,,,-9,,,,-6,,,,-3,-2,10,-5,,,,10,-6,,-3,,-3,2,,,-1,,-6,-6,,,,4,,,,,,,,,,6,,,,,-4,10,,,,-10,,,,,-10,,,,,8,10,0,,-3,,,,
1907,-6,,,,1,,10,-4,,,,,6,,-10,2,,,-3,-9,,,,,9,,,,3,-6,-5,,,,10,,,3,,,3,,-3,-3,,-6,,,,4,,,8,,,,1,,10,-9,,,,-3,,0,-4,,,0,,,,-1,,1,,,,,,,,,,-4,,,,,,,,,,-9,,,,-6,,,,-3,-2,10,-5,,,,10,-6,,-3,,-3,2,,,-9,,-6,-6,,,,4,,,,,,,,,,6,,,,,-3,10,,,,-10,,,,,-10,,,,,8,10,0,,-3,,,,
1908,-6,,,,1,,10,-4,,,,,6,,-10,2,,,-3,-9,,,,,9,,,,3,-6,-5,,,,10,,,3,,,4,,-3,-3,,-6,,,,4,,,8,,,,1,,10,-9,,,,-3,,5,-4,,,0,,,,-1,,1,,,,,,,,,,-4,,,,,,,,,,-9,,,,-6,,,,-3,-2,10,-5,,,,10,-6,,-3,,-3,2,,,2,,-6,-6,,,,4,,,,,,,,,,6,,,,,-2,10,,,,-10,,,,,-4,,,,,8,10,0,,-3,,,,
1909,-6,,,,1,,10,-4,,,,,6,,-10,2,,,-3,-9,,,,,9,,,,3,-6,-5,,,,10,,,3,,,4,,-3,-3,,-6,,,,4,,,8,,,,2,,10,-9,,,,-3,,5,-4,,,0,,,,-1,,1,,,,,,,,,,-6,,,,,,,,,,-9,,,,-6,,,,-3,-2,10,-3,,,,10,-6,,-3,,-3,2,,,2,,-6,-6,,,,4,,,,,,,,,,6,,,,,0,10,,,,-10,,,,,-1,,,,,8,10,0,,-6,,,,
1910,-6,,,,1,,10,-4,,,,,6,,-10,2,,,-3,-9,,,,,9,,,,3,-6,-5,,,,10,,,3,,,5,,-3,-3,,-6,,,,4,,,8,,,,2,,10,-9,,,,-3,,5,-4,,,0,,,,-1,,1,,,,,,,,,,-6,,,,,,,,,,-9,,,,-6,,,,-3,-2,10,-3,,,,10,-6,,-3,,-3,2,,,5,,-4,-6,,,,4,,,,,,,4,,,6,,,,,1,10,,,,-10,,,,,-1,,,,,8,10,2,,-6,,,,
1911,-6,,,,1,,10,-4,,,,,6,,-10,2,,,-3,-9,,,,,9,,,,3,-2,-5,,,,10,,,3,,,6,,-3,-3,,-6,,,,4,,,8,,,,2,,10,-9,,,,-3,,5,-4,,,0,,,,-1,,1,,,,,,,,,,-6,,,,,,,,,,0,,,,-6,,,,-3,-2,10,-3,,,,10,-6,,-3,,-3,2,,,7,,-4,-6,,,,4,,,,,,,4,,,6,,,,,2,10,,,,-10,,,,,-1,,,,,8,10,2,,-6,,,,
1912,-6,,,,2,,10,-4,,,,,6,,-10,2,,,-3,-9,,,,,9,,,,3,2,-5,,,,10,,,3,,,7,,-3,-3,,-6,,,,4,,,8,,,,2,,10,-9,,,,-3,,5,-4,,,0,,,,-1,,1,,,,,,,,,,-6,,,,,,,,,,0,,,,-6,,,,-3,-2,10,-3,,,,10,-6,,-3,,-3,2,,,7,,-4,-6,,,,4,,,,,,,4,,,6,,,,,4,10,,,,-10,,,,,-1,,,,,8,10,2,,-6,,,,
1913,-6,,,,2,,10,-4,,,,,7,,-10,2,,,-3,-9,,,,,9,,,,3,-2,-5,,,,10,,,3,,,8,,-3,-3,,-6,,,,4,,,8,,,,2,,10,-9,,,,-3,,5,-4,,,0,,,,-1,,1,,,,,,,,,,-6,,,,,,,,,,0,,,,,,,,-3,-2,10,-3,,,,10,-6,,-3,,-3,2,,,7,,-4,-6,,,,4,,,,,,,4,,,6,,,,,5,10,,,,-10,,,,,-1,,,,,8,10,2,,-6,,,,
1914,-6,-2,,,2,,10,-4,,,,,7,,-10,2,,,-3,-9,,,,,9,,,,3,-5,-5,,,,10,,,3,,,9,,-3,-3,,-6,,,,4,,,8,,,,2,,10,-9,,,,-3,,5,-4,,,0,,,,-1,,1,,,,,,,,,,-6,,,,,,,,,,0,,,,,,,,-3,-2,10,-3,,,,10,-6,,-3,,-3,2,,,7,,-4,-6,,,,4,,,,,,,4,,,6,,,,,6,10,,,,-10,,,,,-1,,,,,8,10,2,,-6,,,,
1915,-6,0,,,2,,10,-4,,,,,7,,-10,2,,,-3,-9,,,,,9,,,,3,-5,-5,,,,10,,,3,,,10,,-3,-3,,-6,,,,4,,,8,,,,2,,1,-9,,,,-3,,5,-4,,,0,,,,-1,,1,,,,,,,,,,-6,,,,,,,,,,0,,,,,,,,-3,-2,10,-3,,,,10,-6,,-3,,-3,2,,,7,,-4,-6,,,,-10,,,,,,,4,,,6,,,,,8,10,,,,-10,,,,,-1,,,,,8,10,2,,-6,,,,
1916,-6,0,,,2,,10,-4,,,,,7,,-10,2,,,-3,-9,,,,,9,,,,3,-5,-5,,,,10,,,3,,,10,,-3,-3,,-6,,,,4,,,8,,,,2,,1,-9,,,,-3,,5,-4,,,0,,,,-1,,1,,,,,,,,,,-6,,,,,,,,,,0,,,,,,,,-3,-2,10,-3,,,,10,-6,,-3,,-3,2,,,7,,-4,-6,,,,-10,,,,,,,4,,,6,,,,,9,10,,,,-10,,,,,-1,,,,,8,10,2,,-6,,,,
1917,-6,0,,,2,,10,-4,,,,,7,,-10,2,,,-3,-9,,,,,9,,,,3,-5,-5,,,,10,,,3,,,10,,-3,-3,,-6,,,,4,,8,8,,,,2,,1,-9,,,,-3,,5,-4,,,0,,,,-1,,1,,,,,,,,,,-6,,,,,,,,,,-1,,,,,,,,-3,10,10,-3,,,,10,-6,,-3,,-3,2,,,7,,-4,-1,,,,4,,,,,,,4,,,6,,,,,10,10,,,,-10,,,,,-1,,,,,8,10,2,,-6,,,,
1918,-6,0,,,2,,10,0,,,,,7,,-10,2,,,-3,2,,,,,9,,,,3,-5,-5,,,,10,,,3,,7,10,,-3,-3,,-6,,,,4,,8,8,,,,4,,1,-9,,,,2,,5,-6,,,0,,,,-1,,1,,,,,,,,,,-6,,4,,,,,,,,-1,,,,,,,,-3,10,10,-3,,,,10,-6,,-3,,-3,2,,8,7,,-4,-1,,,,5,,,7,,,,4,,,6,,,,,10,10,,,,-10,,,,,-1,,,,,8,10,2,,-6,,,,
1919,-6,0,,,2,,10,4,,,,,9,,-10,2,,,-3,-3,,,,,9,,,,3,-5,-5,,,,10,,,3,,7,10,,-3,-3,,-6,,,10,4,,10,9,,,,6,,1,-9,,,,2,,5,-7,,,0,,,,-1,,1,,,,,,,,,,-6,,4,,,,,,,,-1,,,,,,,,-3,10,10,-3,,,,10,-6,,-3,,-3,-4,,8,7,,-4,-1,,,,6,,,7,,,,4,,,6,,,,,10,10,,,,-10,,,,,-1,,,,,8,10,3,,-6,,,,
1920,-6,0,,,2,,10,8,,,,,9,,-10,2,,,-3,-3,,,,,9,,,,3,-5,-5,,,,10,,,3,,7,10,,-3,-3,,-6,,,10,4,,10,9,,,,6,,1,-9,,,,2,,5,-1,,,0,,,,-1,,1,,,,,,,7,,,-6,,4,,,,,,,,-1,,,,,,,,-3,10,10,-3,,,,10,-6,,-3,,-3,-9,,8,7,,-4,-1,,,,7,,,7,,,,4,,,6,,,,,10,10,,,,-10,,,,,-1,,,,,8,10,3,,-9,,,,
1921,-6,0,,,2,,10,8,,,,,9,,-10,2,0,,-3,-3,,,,,10,,,,3,-5,-5,,,,10,,0,3,,7,10,,-3,-3,,-6,,,10,4,,10,9,,,,6,,1,2,,,,2,,5,-1,,,-1,,8,,-1,,1,,,,,,,7,,,-6,,4,0,,,,,,,-1,,,0,,,,,-3,10,10,-3,,,,10,-6,,-3,,-3,-9,,8,7,,-4,-1,,,,0,,,7,0,,,4,,,6,,,,,10,10,,,,-10,,,,,-1,,,,,8,10,3,,-9,,,,
1922,-6,0,,,2,,10,8,,,,,9,,-10,2,0,,-3,-3,,,,,10,,,,3,-5,-5,,,,10,,0,3,,7,10,,-3,-3,4,-6,,,10,4,,10,9,,,,6,,0,2,,,,2,,5,-1,,,-3,,8,,-2,,1,,,,,,,7,,,-6,,4,0,,,,,,,-1,,,0,,,,,-3,10,10,-3,,,,10,-6,,-3,,-3,-9,,8,7,,-4,-1,,,,0,,,7,0,,,4,,,6,,,,,10,10,,,,-10,,,,,0,,,,,10,10,3,,-9,,,,
1923,-6,0,,,2,-7,10,8,-7,,,-7,9,,-10,2,0,,-3,-3,,,,,10,,,,3,-5,-5,,,,10,,0,3,,7,10,,-3,-3,4,-6,,,10,4,,10,9,,,-7,6,,-2,2,,,,2,,5,-1,,,-4,,8,,-3,,1,,-7,,,-7,,7,,,-6,,4,0,,,,,,,-1,-7,,0,,,,,-3,10,10,-3,,,,10,-6,,-3,,-3,-9,,8,7,,-4,-7,,,,0,,,7,0,,,4,,,-7,,,,,10,10,,-7,,-10,,,,,-6,-7,,-7,,10,10,3,-7,-9,,,,
1924,-6,0,,,2,-7,10,8,-7,,,-7,9,,-10,2,0,,-3,-3,,,,,10,,,,0,-5,-5,,,,10,,0,3,,7,10,,-3,-3,4,-6,,,10,4,,10,9,,,-7,6,,-3,2,,,,2,,5,-1,,,-6,-4,8,,-4,,1,,-7,,,-7,,7,,,-6,,4,0,,,,,,,-3,-7,-7,0,,,,,-3,10,10,-3,,,,10,-6,,-3,,-3,-9,,8,7,,-4,-7,,,,0,,,7,0,,,4,,,-7,,,,,10,10,,-7,,-10,,,,,-6,-7,,-7,,10,10,3,-7,-9,,,,
1925,-6,-9,,,2,-7,10,8,-7,,,-7,9,,-10,2,0,,-3,-3,,,,,10,,,,-2,-5,-5,,,,10,,0,3,,7,10,,-3,-1,4,-6,,,10,4,,10,9,,,-7,6,,-6,2,,,,2,,5,-1,,,-7,-4,8,,-6,,1,,-7,,,-7,,7,,,-6,,4,0,,,,,,,-3,-7,-7,0,,,,,-3,10,10,-3,,,,10,-6,,-3,,-3,-9,,8,7,,-4,-7,,,,0,,,7,0,,,4,,,-6,,,,,10,10,,-7,,-10,,,,,-6,-7,,-7,,10,10,3,-7,-9,,,,
1926,-6,-9,,,2,-7,10,8,-7,,,-7,9,,-10,2,0,,-3,-3,,,,,10,,,,-2,-5,-5,,,,10,,0,3,,7,10,,-3,-1,4,-6,,,10,4,,10,9,,,-7,6,,10,2,,,,2,,5,-1,,,-7,-4,8,,-7,,1,,-7,,,-7,,7,,,-6,,0,0,,,,,,,-3,-7,-7,0,,,,,-3,10,10,-3,,,,10,-6,,-3,,-3,-9,,-3,4,,-4,-7,,-10,,0,,,7,0,,,4,,,-6,,,,,10,10,,-7,,-10,,,,,-6,-7,,-7,,10,10,3,-7,-9,,,,
1927,-6,-9,,,2,-8,10,8,-8,,,-8,9,,-10,2,0,,-3,-3,,,,,10,,,,-2,-5,-5,,,,10,,0,3,,7,10,,-3,-1,4,-6,,,10,4,,10,9,,,-8,6,,10,2,,,,2,,5,-1,,,-7,-4,10,,-8,,1,,-8,,,-8,,7,,,-6,,-4,0,,,,,,,-3,-8,-7,0,,,,,-3,10,10,-3,,,,10,-6,,-3,,-3,-9,,-3,1,,-4,-8,,-10,,0,,,7,0,,,4,,,-6,,,,,10,10,,-8,,-10,,,,,-6,-8,,-8,,10,10,3,-8,-9,,,,
1928,-6,-9,,,2,-8,10,8,-8,,,-8,9,,-10,2,0,,-3,-3,,,,,10,,,,-2,-5,-5,,,,10,,0,1,,7,10,,-3,-1,1,-6,,,10,4,,10,9,,,-8,6,,10,2,,,,2,,5,-1,,,-7,-4,10,,-9,,1,,-8,,,-8,,7,,,-6,,-8,0,,,,,,,-3,-8,-7,0,,,,,-3,10,10,-3,,,,10,-6,,-3,,-3,-9,,-3,-3,,-4,-8,,-10,,0,,,7,0,,,4,,,-6,,,,,10,10,,-8,,-10,,,,,-6,-8,,-8,,10,10,3,-8,-9,,,,
1929,-6,-9,,,2,-8,10,8,-8,,,-8,9,,-10,2,-10,,-3,-3,,,,,10,,,,-2,-5,-5,,,,10,,-10,1,,7,10,,-3,-1,-3,-6,,,10,4,,10,9,,,-8,6,,10,2,,,,2,,5,-1,,,-7,-4,10,,-9,,1,,-8,,,-8,,7,,,-6,,-8,-10,,,,,,,-3,-8,-7,-10,,,,,-3,10,10,-3,,,,10,-6,,-3,,-3,-9,,-3,-6,,-4,-8,,-10,,-10,,,7,-10,,,4,,,-6,,,,,10,10,,-8,,-10,,,,,-6,-8,,-8,,10,10,3,-8,-9,,,,
1930,-6,-9,,,-8,-8,10,8,-8,,,-8,10,,-10,2,-10,,-4,-3,,,,,10,,,,-2,-5,5,,,,10,,-10,1,,7,10,,-5,-1,-6,-6,,,10,-5,,7,10,,,-8,6,,10,2,,,,2,,5,-1,,,-7,-4,10,,-9,,1,,-8,,,-8,,7,,,-6,,-8,-10,,,,,,,-6,-8,-7,-10,,,,,-3,10,10,-3,,,,10,-6,,-3,,-3,-6,,-3,-9,,-4,-8,,-10,,-10,,,7,-10,,,4,,,1,,,,,10,10,,-8,,-10,,,,,-6,-8,,-8,,10,10,3,-8,-9,,,,
1931,-6,-9,,,-8,-8,10,8,-8,,,-8,10,,-10,2,-10,,-5,-3,,,,,10,,,,-2,-5,5,,,,10,,-10,1,,7,10,,-7,-1,-6,-9,,,10,-5,,4,10,,,-8,6,,10,-9,,,,2,,5,-1,,,-7,-4,10,,-9,,1,,-8,,,-8,,7,,,-6,,-8,-10,,,,,,,-6,-8,-7,-10,,,,,-3,10,10,-3,,,,10,-6,,-3,,-3,-3,,-3,-9,,-4,-8,,-10,,-10,,,7,-10,,,4,,,7,,,,,10,10,,-8,,-10,,,,,-6,-8,,-8,,10,10,3,-8,-9,,,,
1932,-6,-9,,,-8,-8,10,8,-8,,,-8,10,,-10,2,-10,,-6,-3,,,,,10,,,,-2,-5,5,,,,10,,-10,1,,7,10,,-9,-1,-6,-9,,,10,-5,,4,10,,,-8,6,,10,-9,,,,2,,5,-1,,,-7,-4,10,,-9,,1,,-8,,,-8,,7,,,-6,,-8,-10,,,,,,,-6,-8,-7,-10,,,,,-3,10,10,-3,,,,10,-6,,-3,,-3,0,,-3,-9,,-4,-8,,-10,,-10,,,7,-10,,,4,,,7,,,,,10,10,,-8,,-8,,,,,-6,-8,,-8,,10,10,3,-8,-9,,,,
1933,-6,-9,,,-8,-9,10,-1,-9,,,-9,10,,-10,2,-10,,-6,-3,,,,,10,,,,-2,-5,5,,,,10,,-10,3,,7,10,,-9,-1,-6,-9,,,6,-5,,4,10,,,-9,-9,,10,-9,,,,2,,5,-1,,,-7,-4,8,,-9,,1,,-9,,,-9,,7,,,-6,,-8,-10,,,,,,,-6,-9,-7,-10,,,,,-3,10,10,-3,,,,10,-6,,-3,,-3,2,,-3,-9,,-4,-9,,-10,,-10,,,7,-10,,,4,,,7,,,,,10,10,,-9,,-6,,,,,-6,-9,,-9,,10,10,3,-9,-9,,,,
1934,-6,-9,,,-8,-9,10,-9,-9,,,-9,10,,-10,2,-10,,-7,-7,,,,,10,,,,-2,-5,5,,,,10,,-10,3,,7,10,,-9,-1,-2,-9,,,2,-5,,4,10,,,-9,-9,,8,-9,,,,2,,5,-1,,,-7,-4,8,,-9,,1,,-9,,,-9,,-9,,,-6,,-8,-10,,,,,,,-6,-9,-9,-10,,,,,-3,10,10,-3,,,,10,-6,,-3,,-3,2,,-3,-9,,-4,-9,,-10,,-10,,,7,-10,,,4,,,7,,,,,10,10,,-9,,-4,,,,,-7,-9,,-9,,10,10,0,-9,-9,,,,
1935,-8,-9,,,-8,-9,10,-9,-9,,,-9,10,,-10,2,-9,,-7,-10,,,,,10,,,,2,-5,5,,,,10,,-9,3,,7,10,,-9,-1,1,-9,,,-2,-5,,4,10,,,-9,-9,,8,-9,,,,0,,5,-1,,,-8,-4,8,,-9,,1,,-9,,,-9,,-9,,,-6,,-9,-9,,,,,,,-6,-9,-9,-9,,,,,-3,10,10,-3,,,,10,-6,,-3,,-3,2,5,-6,-9,,-4,-9,,-10,,-9,,,7,-9,,,4,,,7,,,,,10,10,,-9,,-3,,,,,-7,-9,,-9,,10,10,0,-9,-7,,,,
1936,-8,-9,,,-8,-9,10,-9,-9,,,-9,10,,-10,-5,-9,,-7,-10,,,,,10,,,,2,-5,5,,,,10,,-9,3,,7,10,,-9,-1,1,-9,,,-6,-10,,4,10,,,-9,-9,,-8,-9,,,,0,,-3,-1,,,-8,-3,8,,-9,,1,,-9,,,-9,,-9,,,-6,,-9,-9,,,,,,,-6,-9,-9,-9,,,,,-3,10,10,-8,,,,10,-6,,-3,,-7,2,5,-6,-9,,-4,-9,,-10,,-9,,,7,-9,,,4,,,7,,,,,10,10,,-9,,-3,,,,,-7,-9,,-9,,10,10,0,-9,-6,,,,
1937,-8,-9,,,5,-9,10,-9,-9,,,-9,10,,-10,-5,-5,,-7,-10,,,,,10,,,,2,-10,5,,,,10,,-5,3,,7,10,,-9,-1,1,-9,,,-6,-10,,4,10,,,-9,-9,,-8,-9,,,,0,,-3,-1,,,-8,-3,8,,-9,,1,,-9,,,-9,,-9,,,-6,,-9,-5,,,,,,,-6,-9,-9,-5,,,,,-3,10,10,-8,,,,10,-6,,-3,,2,2,5,-6,-9,,-4,-9,,-10,,-5,,,7,-5,,,4,,,7,,,,,10,10,,-9,,-3,,,,,-7,-9,,-9,,10,10,0,-9,-5,,,,
1938,-8,-9,,,5,-9,10,0,-9,,,-9,10,,-10,-5,-2,,-7,-10,,,,,10,,,,2,-10,5,,,,10,,-2,3,,7,10,,-9,-1,1,-9,,,-6,-10,,4,10,,,-9,-9,,-8,-9,,,,0,,-3,-1,,,-8,-3,8,,-9,,1,,-9,,,-9,,-9,,,-6,,-9,-2,,,,,,,-6,-9,-9,-2,,,,,-3,10,10,-8,,,,10,-6,,-3,,2,2,5,-6,-9,,-6,-9,,-10,,-2,,,7,-2,,,4,,,7,,,,,10,10,,-9,,-3,,,,,-7,-9,,-9,,10,10,0,-9,-5,,,,
1939,-8,0,,,5,-9,10,0,-9,,,-9,-10,,-10,-5,2,,-7,-10,,,,,10,,,,2,-10,5,,,,10,,2,3,,0,10,,-9,-1,1,-9,,,-6,-10,,4,10,,,-9,-9,,-8,-9,,,,0,,-3,-1,,,-8,-3,8,,-9,,1,,-9,,,-9,,-9,,,-6,,-9,2,,,,,,,-6,-9,-9,2,,,,,-3,10,10,-8,,,,10,-6,,-3,,2,2,5,0,-9,,-6,-9,,-10,,2,,,0,2,,,4,,,-7,,,,,10,10,,-9,,-3,,,,,-7,-9,,-9,,10,10,0,-9,-5,,,,
1940,-8,0,,,5,-9,10,0,-9,,,-9,-10,,-10,-5,2,,-7,-10,,,,,10,,,,2,-10,5,,,,10,,2,3,,0,-10,,-9,-1,1,-9,,,-6,-10,,4,-9,,,-9,-9,,-8,-9,,,,0,,-3,-1,,,-8,-3,8,,-9,,1,,-9,,,-9,,-9,,,-6,,-9,2,,,,,,,-6,-9,-9,2,,,,,-3,-10,10,-8,,,,-10,-6,,-3,,-9,2,5,0,-9,,-7,-9,,-10,,2,,,0,2,,,4,,,-7,,,,,10,10,,-9,,-3,,,,,-7,-9,,-9,,10,10,0,-9,-5,,,,
1941,-8,0,,,5,-9,10,0,-9,,,-9,-10,,-10,-5,0,,-7,-10,,,,,10,,,,2,-10,5,,,,10,,0,3,,0,-10,,-9,-1,1,-9,,,-9,-10,,4,-9,,,-9,-9,,0,-9,,,,0,,-3,-1,,,-1,-4,8,,-9,,1,,-9,,,-9,,-9,,,-6,,-9,0,,,,,,,-6,-9,-9,0,,,,,-3,-10,10,-8,,,,-10,-6,,-3,,-9,2,-10,0,-9,,-7,-9,,-10,,0,,,0,0,,,4,,,-7,,,,,10,10,,-9,,-3,,,,,-7,-9,,-9,,10,10,0,-9,-3,,,,
1942,-8,0,,,5,-9,10,0,-9,,,-9,-10,,-10,-5,0,,-7,-10,,,,,10,,,,2,-10,5,,,,10,,0,3,,0,-10,,-9,-1,1,-9,,,-9,-5,,4,-9,,,-9,-9,,0,-9,,,,0,,-3,-1,,,-1,-4,8,,-9,,1,,-9,,,-9,,-9,,,-6,,-9,0,,,,,,,-6,-9,-9,0,,,,,-3,-10,10,-8,,,,-10,-6,,-3,,-9,2,-10,0,-9,,-7,-9,,-10,,0,,,0,0,,,4,,,-7,,,,,10,10,,-9,,-3,,,,,-7,-9,,-9,,10,10,0,-9,-3,,,,
1943,-8,0,,,-8,-9,10,0,-9,,,-9,-10,,-10,-5,0,,-7,0,,,,,10,,,,2,-10,5,,,,10,,0,3,,0,-10,,-9,-1,1,-9,,,-9,-5,,4,-9,,,-9,-9,,0,-9,,,,0,,-3,-1,,,-1,-4,8,,0,,1,,-9,,,-9,,-9,2,,-6,,-9,0,,,,,,,-6,-9,-9,0,,,,,-3,-10,10,-8,,,,-10,-6,,-3,,-9,2,-10,0,-9,,-7,-9,,-10,,0,,,0,0,,,4,,,-7,,,,,10,10,,-9,,-3,,,,,-7,-9,,-9,,10,10,0,-9,-3,,,,
1944,-8,0,,,-8,-9,10,0,-9,,,-9,10,,-10,-5,-4,,-7,-2,,,,,10,,,,2,-10,5,,,,10,,-4,3,,0,-10,,-9,-1,1,-8,,,-9,-5,,10,-3,,,-9,-9,,8,5,,,,0,,-3,-10,,,-1,-4,8,,0,,1,,-9,,,-9,,-9,2,,-6,,-9,-4,,,,,,,-6,-9,-9,-4,,,,,-3,-10,10,-8,,,,-10,-6,,-3,,-9,2,2,0,-9,,-7,-9,,-10,,-4,,,0,-4,,,4,,,-7,,,,,10,10,5,-9,,-3,,,,,-7,-9,,-9,,10,10,0,-9,-3,,,,
1945,-10,-5,,,-8,-9,10,5,-9,,,-9,10,,-10,-5,-7,,0,-4,,,,,10,,,,2,-10,5,,,,10,,-7,3,,10,10,,-9,-1,1,-8,,,-9,-5,,10,4,,,-9,-5,,8,5,,,,0,,-3,-2,,-5,-1,-4,8,,2,,2,,-9,,,-9,,-9,2,,-6,,-9,-7,,,,,,,-6,-9,-9,-7,,,,,-3,10,10,-8,,,,10,-6,,-3,,-9,2,2,-2,-9,,-7,-9,,-10,,-7,,,10,-7,,,4,,,-7,,,,,10,10,5,-9,,-3,,,,,-7,-9,,-9,,10,10,0,-9,-3,,,,
1946,-10,-9,,,-8,-9,10,10,-9,,,-9,10,,-10,-5,-7,,7,-6,,,,,10,,,,2,-5,5,,,,10,,-7,3,,10,10,,-9,-1,1,-8,,,-9,-9,,10,10,,,-9,-1,,8,5,,,,-1,,-3,-4,,2,-1,-4,8,,5,,3,-10,-9,,,-9,,-9,2,,-6,,-9,-7,,,,,,,-6,-9,-9,-7,,,,,-3,10,10,-8,,,,10,-6,,-3,,-9,2,2,-5,-9,,-7,-9,,-10,,-7,,,10,-7,,,4,,,-7,,,,,10,10,5,-9,,-3,,,,,7,-9,,-9,,10,10,0,-9,-3,,,,
1947,-10,-9,,,-9,-9,10,10,-9,,,-9,10,,-10,-5,-7,,5,-7,,,,,10,,,,2,-5,5,,,,10,,-7,3,,2,10,,-9,-1,1,-8,,,-9,-9,,10,10,,,-9,2,,8,5,,,,-2,,-3,-6,,2,-1,-4,8,,8,,4,-10,-9,,,-9,,-9,2,,-6,,-9,-7,,,,,,,-6,-9,-9,-7,,,,,-5,10,10,-8,,,,10,-6,-4,-3,,-5,2,2,-7,-9,,-7,-9,,-10,,-7,,,2,-7,,,4,,,-7,,,,,10,10,5,-9,,-3,,,,,7,-9,,-9,,10,10,0,-9,-3,,,,
1948,-10,-9,,,-9,-9,10,10,-9,,,-9,10,,-10,-5,-7,,5,-7,,,,,10,,,,2,-5,-5,,,,10,,-7,3,,-7,10,,-9,2,1,-7,,,-9,-9,,10,10,,,-9,6,,8,5,,,,-3,,-3,-7,,3,-1,-4,8,10,10,,5,-10,-9,,,-9,,-9,2,,-6,,-9,-7,,,,,,,-6,-9,-9,-7,,,8,,-5,10,10,-8,,,-7,10,-6,2,-3,,-5,-6,2,-7,-9,,-7,-9,,-10,,-7,,,-7,-7,,,4,-3,,-7,7,,,,10,10,5,-9,,-3,,,,,7,-9,,-9,,10,10,0,-9,-3,,,,
1949,-10,-9,,,-9,-9,10,10,-9,,,-9,10,,-10,-5,-7,,5,-7,,,,,10,,,,2,-8,-5,,,,10,,-7,3,,-7,10,,-9,2,1,-7,,,-9,-9,,10,10,,,-9,10,,4,5,,,,-4,,-3,-7,,3,-1,-4,8,10,10,,7,-10,-9,,,-9,,-9,2,,-6,,-9,-7,,,,,,,-6,-9,-9,-7,,,8,,-5,10,10,-8,,,-7,10,-6,4,-1,,-5,-6,2,-7,-9,,-7,-9,,-10,,-7,,,-7,-7,,,4,-3,,-7,7,,,,10,10,-7,-9,,-3,,,,,7,-9,,-9,,10,10,0,-9,-3,,,,
1950,-10,-9,,,-9,-9,10,10,-9,,,-9,10,,-10,-5,-7,,5,-7,,,,,10,,,,2,-8,-5,,,,10,,-7,3,,-7,10,,-9,2,1,-6,,,-9,-9,,10,10,,,-9,10,,4,2,,,,-5,,-3,-7,9,0,-1,-4,8,10,10,,8,-10,-9,,,-9,,-9,2,,-6,,-9,-7,,,,,,,-6,-9,-9,-7,,,8,,-5,10,10,-8,,,-7,10,-6,4,-1,,-5,-2,5,-7,-9,,-7,-9,,-10,,-7,,,-7,-7,,,4,-3,,-7,7,,,,10,10,2,-9,,-3,,,,,7,-9,,-9,,10,10,0,-9,-3,,,,
1951,-10,-9,,,-9,-9,10,10,-9,,,-9,10,,-10,-5,-7,,5,-7,,,,,10,,,,2,-8,-5,,,,10,,-7,3,,-7,10,,-9,2,1,-6,,,-9,-9,,10,10,,,-9,10,,4,2,,,,-5,,-3,-7,9,0,-1,-4,8,10,10,,9,-4,-9,,,-9,,-9,2,,-6,-7,-9,-7,,,,,,,-6,-9,-9,-7,,,8,,-7,10,10,-8,,,-7,10,-6,5,-1,,-5,-2,5,-7,-9,,-7,-9,,-10,,-7,,,-7,-7,,,4,-3,,-7,7,,,,10,10,-7,-9,,-3,,,,,7,-9,,-9,,10,10,0,-9,-3,,,,
1952,-10,-9,,,-9,-9,10,10,-9,,,-9,10,,-10,-4,-7,,5,-7,,,,,10,,,,2,-8,-5,,,,10,,-7,0,,-7,10,,-9,2,-7,-6,,,-9,-9,,10,10,,,-9,10,,4,2,,,,-5,,-3,-7,9,0,-1,-4,10,10,10,,10,-1,-9,,,-9,,-9,2,,-6,-7,-9,-7,,,,,,,-6,-9,-7,-7,,,8,,-7,10,10,-8,,,-7,10,-6,5,-1,,-5,-2,5,-7,-9,,-7,-9,,-10,,-7,,,-7,-7,,,4,-4,,-7,7,,,,10,10,-7,-9,,-6,,,,,7,-9,,-9,,10,10,8,-9,-3,,,,
1953,-10,-9,,,-9,-7,10,10,-7,,,-7,10,,-10,-4,-7,,5,-7,,,-3,,10,,,,2,-8,-5,,,,10,,-7,-3,,-7,10,,-9,2,-7,-6,,,-7,-9,,10,10,,,-7,10,,4,2,,,,-5,,-3,-7,9,0,-4,-4,10,10,10,,10,-1,-7,,,-7,,-7,2,,-6,-7,-7,-7,,,,,,,-6,-7,-7,-7,,,8,,-7,10,10,-8,,,-7,10,-6,5,-1,,-5,-2,5,-7,-9,,-7,-7,,-10,,-7,,,-7,-7,,,4,-4,,-7,7,,,,10,10,-7,-7,,-6,,,,,7,-7,,-7,,10,10,8,-7,-3,,,,
1954,-10,-9,,,-9,-7,10,10,-7,,,-7,10,,-10,-4,-7,,5,-7,,,-6,,10,,,,2,-8,-5,,,,10,,-7,-6,,-7,10,,-9,2,-7,-6,,,-7,-9,,10,10,,,-7,10,,4,-6,,,,-5,,-3,-7,9,0,-7,-4,10,10,10,,10,-1,-7,,,-7,0,-7,2,,-6,-7,-7,-7,,,,,,,-6,-7,-7,-7,,,8,,-7,10,10,-8,,,-7,10,-6,5,-1,,-9,-2,5,-7,-9,,-7,-7,,-10,,-7,,,-7,-7,,,4,-4,,-7,7,,,,10,10,7,-7,,-6,,,,,4,-7,,-7,,10,10,8,-7,-3,,,,
1955,-10,-9,,,-6,-7,10,10,-7,,,-7,10,,-10,-4,-7,,5,-7,,,-9,,10,,,,5,-8,-5,,,,10,,-7,-9,,-7,10,,-9,2,-7,-6,,,-7,-9,,10,10,,,-7,10,,4,-6,,,,-5,,-3,-7,9,0,-10,-4,10,10,10,,10,-1,-7,,,-7,2,-7,2,,-6,-7,-7,-7,,,,,,,-6,-7,-7,-7,,,8,,-7,10,10,-8,,,-7,10,-6,5,4,,-9,-2,5,-7,-9,,-7,-7,,-10,,-7,,,-7,-7,,,4,-4,,-7,7,,,,10,10,7,-7,,-3,,,,,4,-7,,-7,,10,10,8,-7,-3,,,,
1956,-10,-9,,,-3,-7,10,10,-7,,,-7,10,,-10,-3,-7,,5,-7,,,-9,,10,,,,5,-8,-5,,,,10,,-7,-9,,-7,10,,-9,2,-7,-5,,,-7,-9,,10,10,,,-7,10,,4,-6,,,,-5,,-1,-7,9,0,-10,-4,10,10,10,,10,-1,-7,,,-7,4,-7,2,,-6,-7,-7,-7,,,,,,,-6,-7,-7,-7,-5,,8,,-7,10,10,-8,,,-8,10,-6,8,4,,-9,5,5,-7,-9,,-7,-7,,-10,,-7,,,-7,-7,,,4,-4,,-7,7,8,,,10,10,7,-7,,-3,,,,,4,-7,,-7,,10,10,8,-7,-3,,,,
1957,-10,-9,,,-1,-7,10,10,-7,,,-7,10,,-10,-3,-7,,5,-7,,,-9,,10,,,,5,-8,7,,,,10,,-7,-9,,-7,10,,-9,2,-7,-5,,,-7,-9,,10,10,,,-7,10,,4,-6,,,,-5,,-1,-7,9,-1,-10,-4,10,10,10,,10,-9,-7,,,-7,6,-7,2,,-6,-7,-7,-7,,,10,,,,-6,-7,-7,-7,-5,,8,,-4,10,10,-8,,,-8,10,-10,8,4,,-9,5,5,-7,-9,,-7,-7,,-10,,-7,,,-7,-7,,,4,-4,,-7,7,8,,,10,10,7,-7,,-3,,,,,4,-7,,-7,,10,10,8,-7,-3,,,,
1958,-10,-9,,,-1,-7,10,10,-7,,,-7,10,,-10,-3,-7,,6,-7,,,-9,,10,,,,5,-8,7,,,,10,,-7,-9,,-7,10,,-9,2,-7,-5,,,-7,-9,,10,5,,,-7,10,,4,-5,-9,,,-8,,-1,-7,9,-1,-10,-5,10,10,10,,10,-9,-7,,,-7,8,-7,2,,-6,-7,-7,-7,,,10,,,,-6,-7,-7,-7,-5,,8,,-1,10,10,-8,,,-8,10,-10,-7,4,,-9,5,5,-7,-9,,-7,-7,,-10,,-7,,,-7,-7,,,4,-4,,-7,7,-7,,,10,10,-7,-7,,-7,,,,,4,-7,,-7,,10,10,8,-7,6,,,,
1959,-10,-9,,,-1,-7,10,10,-7,,,-7,10,,-10,-3,-7,,6,-7,,,-9,,10,,,,5,-8,7,,,,10,,-7,0,,-7,10,,-9,2,-7,-5,,,-7,-9,,10,5,,,-7,10,,4,-5,-9,,,-8,,-1,-7,9,-5,-10,-5,10,10,10,10,10,-9,-7,,,-7,8,-7,2,,-6,-7,-7,-7,,,10,,,,-6,-7,-7,-7,-5,,8,,2,10,10,-8,,,-8,10,-10,-7,4,,-9,5,5,-7,-9,,-7,-7,,-10,,-7,,7,-7,-7,,,4,-4,,-7,7,-7,,,10,10,-7,-7,,-7,,,,-9,4,-7,,-7,,10,10,8,-7,6,,,,
1960,-10,-9,,,-1,-7,10,10,-7,,,-7,10,2,-10,-3,-7,,6,-7,-7,,-9,-6,10,,-7,-9,5,-8,7,,0,4,10,-9,-7,-4,8,-7,10,,-9,2,-7,-3,,,-7,-9,,10,5,-7,,-7,10,-8,4,-5,-9,,,-8,,-1,-7,9,-5,-10,-5,10,10,10,10,10,-9,-7,,,-7,-1,-7,2,,-6,-7,-7,-7,-1,,10,-7,-4,,-6,-7,-7,-7,-5,,8,,-10,10,10,-8,-7,8,-8,10,-10,-7,4,,-9,5,5,-7,-9,,-7,-7,,-10,-1,-7,,7,-7,-7,,7,4,8,,-7,7,-7,,,10,10,-7,-7,,-7,,-6,,-9,7,-7,,-7,,10,10,8,-7,6,,,,
1961,-10,-9,,,-1,-7,10,10,-7,,,-7,10,2,-10,-3,-7,,5,-7,-7,,-9,-6,10,,-7,-9,5,-8,7,,0,4,10,-9,-7,-7,8,-7,10,,0,-1,-7,-3,,,-7,-9,,10,5,-7,,-7,10,-8,4,-5,-9,,,-9,,-1,-7,9,-5,-10,-5,10,10,10,10,10,-9,-7,,,-7,0,-7,2,,-6,-7,-7,-7,-1,,10,-7,-4,,-6,-7,-7,-7,-4,,8,,-10,10,10,-8,-7,8,-8,10,-10,-7,4,,-9,5,5,-7,-9,,-7,-7,-5,-10,-1,-7,6,7,-7,-7,,7,4,-7,,-7,7,-7,,,10,10,-2,-7,-6,-7,,-6,,-9,9,-7,,-7,,10,10,8,-7,6,,,,
1962,-10,-9,-8,,-1,-7,10,10,-7,,,-7,10,2,-10,-3,-7,,5,-7,-7,0,-9,-6,10,,-7,-9,5,-8,7,,0,4,10,-9,-7,-7,8,-7,10,,8,-1,-7,-3,,,-7,-9,,10,5,-7,,-7,10,-9,4,-5,-9,,,-9,,-1,-7,9,-5,-10,-5,10,10,10,10,10,-9,-7,,,-7,0,-7,2,,-6,-7,-7,-7,-1,,10,-7,-7,,-6,-7,-7,-7,-4,,-6,,-9,10,10,-8,-7,8,-8,10,-10,1,4,,-9,-6,5,-7,-9,,-7,-7,-5,-10,-4,-7,6,7,-7,-7,,7,4,-7,,-7,7,-7,,,10,10,-2,-7,-6,-7,,-6,8,-9,9,-7,7,-7,,10,10,8,-7,6,,,,
1963,-10,-9,-8,,-1,-7,10,10,-7,,,-7,10,-1,-10,-3,-7,,3,-7,-7,-3,-9,-6,10,,-7,-9,5,-8,7,,-3,-7,10,-9,-7,-7,0,-7,10,,0,-1,-7,-3,,,-7,-9,,10,5,-7,,-7,10,-9,4,-5,-9,,,-9,,-1,-7,9,-5,-10,-5,10,10,10,10,10,-9,-7,2,-8,-7,0,-7,2,,-6,-7,-7,-7,-1,,10,-7,-7,,-6,-7,-7,-7,-3,,-7,,-9,10,10,-8,-7,8,-8,10,-10,1,4,,-9,5,5,-7,-9,,-7,-7,-5,-10,-7,-7,6,4,-7,-7,,7,4,3,,-7,7,-7,,,10,10,-7,-7,-6,-7,,-6,8,-9,9,-7,7,-7,,10,10,8,-7,6,,,,
1964,-7,-9,-8,,-1,-7,10,10,-7,,,-7,10,-4,-10,-4,-7,,-3,-7,-7,-3,-9,-6,10,,-7,-9,6,-8,7,,-6,-7,10,-9,-7,-7,0,-7,10,,0,-1,-7,0,,,-7,-9,,10,5,-7,,-7,10,-9,4,-5,-9,,,-9,,-1,-7,9,-5,-10,-5,10,10,10,10,10,-9,-7,2,-8,-7,0,-7,2,,-6,-7,-7,-7,-1,-9,10,-7,-7,,-6,-7,-7,-7,-3,,-7,,-9,10,10,-8,-7,7,-8,10,-10,1,4,,-9,5,5,-7,-9,,-7,-7,-5,-10,-7,-7,6,1,-7,-7,,7,4,3,,-7,7,0,,,10,10,-7,-7,-6,-7,,-6,8,-9,9,-7,7,-7,,10,10,8,-7,6,,,2,
1965,-7,-9,-9,,-1,-7,10,10,-7,,,-7,10,-7,-10,-4,-7,,-9,-7,-7,-5,-9,-6,10,,-7,-9,6,-8,7,,-9,-7,10,-9,-7,-7,0,-7,10,,0,-1,-7,0,,,-7,-9,,10,5,-7,8,-7,10,-9,4,-5,-9,,,-9,,-1,-7,9,-5,-10,-5,10,10,10,10,10,-9,-7,2,-9,-7,0,-7,2,,-6,-7,-7,-7,-1,-9,10,-7,-7,,-6,-7,-7,-7,-9,,-7,,-9,10,10,-8,-7,7,-8,10,-10,1,4,,-9,5,5,-7,-9,,-7,-7,-5,-10,-7,-7,6,-2,-7,-7,,7,4,3,,-7,7,7,,,10,10,-7,-7,-6,-7,,-6,8,-9,8,-7,7,-7,,10,10,8,-7,6,,,2,
1966,-7,-9,-9,,-9,-7,10,10,-7,,,-7,10,-7,-10,-4,-7,6,-9,-7,-7,-7,-9,-7,10,,-7,-9,6,-9,7,,-9,-7,10,-9,-7,-7,0,-7,10,,-3,-1,-7,0,,,-7,-9,,10,5,-7,8,-7,10,-7,4,3,-9,,2,-9,,-1,-7,9,-6,-10,-5,10,10,10,10,10,-9,-7,0,-9,-7,0,-7,2,9,-6,-7,-7,-7,-1,-9,10,-7,-7,,-6,-7,-7,-7,-9,,-7,,-9,10,10,-8,-7,-7,-9,10,-10,1,4,,-9,5,5,-7,-9,,-7,-7,-5,-10,-7,-7,6,-2,-7,-7,,7,4,3,,-7,7,7,,,10,10,-7,-7,-6,-7,,-6,8,-9,8,-7,0,-7,,10,10,8,-7,6,,,2,
1967,-7,-9,-9,,-9,-7,10,10,-7,,,-7,10,-7,-10,-4,-7,6,-9,-7,-7,-7,-9,-7,10,,-7,-9,6,-9,7,,-9,-7,10,-9,-7,-7,0,-7,10,,-3,-1,-7,0,,,-7,-9,,10,5,-7,8,-7,10,-7,-7,3,-9,,2,-9,,-1,-7,9,-7,-10,-5,10,9,10,10,10,-9,-7,0,-9,-7,0,-7,2,9,-6,-7,-7,-7,-1,-9,10,-7,-7,,-6,-7,-7,-7,-9,,-7,,-9,10,10,-8,-7,-7,-9,10,-10,1,4,,-8,5,5,-7,-9,,-7,-7,-5,-10,-7,-7,-7,-2,-7,-7,,7,4,3,,-7,7,7,,,10,10,-7,-7,-6,-7,,-7,8,-9,8,-7,-6,-7,,10,10,8,-7,6,,,2,
1968,-7,-9,-9,,-9,-7,10,10,-7,,,-7,10,-7,-10,-4,-7,6,-9,-7,-7,-7,-9,-7,10,,-7,-9,6,-9,7,,-9,-7,10,-9,-7,-7,7,0,10,,-3,5,-7,0,2,,-7,-9,,10,5,-9,8,-7,10,-7,-7,3,-9,,1,-9,,-1,-7,9,-7,-10,-7,10,9,10,10,10,-9,-7,0,-9,-7,0,-7,2,9,-6,-7,-7,-7,-1,-9,10,-7,-7,9,-6,-7,-7,-7,-9,,-7,,-9,10,10,-8,-7,-7,-9,10,-10,1,-7,,-8,-7,5,-7,-9,,-7,-7,-5,-10,-7,-7,1,-2,0,-7,,7,4,3,,-7,7,7,,0,10,10,-7,-7,-6,-2,,-7,8,-9,8,-7,-6,-7,,10,10,8,-7,7,,,0,
1969,-7,-9,-9,,-9,-7,10,10,-7,,,-7,10,-7,-10,-4,-7,6,-9,-7,-6,-7,-9,-7,10,,-7,-9,6,-8,7,,-9,-7,10,-9,-7,-7,7,-7,10,,-3,5,-7,0,-7,,-7,-9,,10,8,-9,8,-7,10,-2,-7,3,-9,,1,-9,,-1,-7,9,-7,-10,-7,10,9,10,10,10,-9,-7,-7,-9,-7,0,-7,2,9,-6,-7,-7,-7,-1,-9,1,-7,-7,9,-6,-7,-7,-7,-9,,-7,,-9,10,10,-8,-7,-7,-9,10,-10,1,-7,,-8,-7,2,-7,-9,,-7,-7,-5,-10,-7,-7,1,-2,-7,-7,,-7,4,3,,-7,7,2,,0,10,10,-7,-7,-6,2,,-7,8,-9,8,-7,-7,-7,,10,10,8,-7,9,,,0,
1970,-7,-9,-9,,-9,-7,10,10,-7,,,-7,10,-2,-10,-5,-7,6,-9,-7,-4,-7,-7,-7,10,,-7,-9,6,-8,7,,-9,-7,10,-9,-7,-7,7,-7,10,,-3,0,-7,0,-7,,-7,-9,9,10,8,-9,8,-7,10,3,-7,1,-9,,1,-9,,-1,-7,9,-7,-10,-7,10,9,10,10,10,-9,-7,-7,-9,-7,0,-7,5,-9,-6,-7,-7,-7,-1,-9,1,-7,-7,9,-6,-7,-7,-7,-9,,-7,,-9,10,10,-8,-7,-7,-9,10,-10,0,-7,,-8,-7,2,-7,-9,,-7,-7,-5,-10,-7,-7,1,-2,-7,-7,,-7,4,3,,-7,8,-2,,0,10,10,-9,-7,-6,2,,-7,8,-8,8,-7,-7,-7,,10,10,8,-7,9,,,0,4
1971,-7,-9,-9,,-9,-7,10,10,-7,-10,,-7,10,-2,-10,-7,-7,6,-9,-7,-4,-7,-6,-7,10,,-7,-9,6,-8,7,,-9,-7,10,-9,-7,-7,7,-7,10,,-3,0,-7,0,-7,,-7,-9,9,10,8,-9,8,-7,10,3,-7,1,-9,,1,-10,,0,-7,9,-7,-10,-7,10,9,10,10,10,-9,-7,-7,-8,-7,0,-7,5,-9,-6,-7,-7,-7,-1,-9,4,-7,-7,9,-6,-7,-7,-7,-9,,-7,,-9,10,10,-8,-7,-7,-9,10,-10,0,-7,,-8,-7,2,-7,-9,-10,-7,-7,-5,-10,-7,-7,-6,-2,-7,-7,,-7,4,3,,-7,8,-7,,0,10,10,-9,-7,-6,-7,,-7,8,-9,-2,-7,-7,-7,-8,10,10,3,-7,9,,,0,4
1972,-7,-9,-9,,-9,-7,10,10,-7,-10,8,-7,10,-7,-10,-7,-7,6,-9,-7,-4,-7,-5,-8,10,,-7,-9,6,-8,7,,-9,-7,10,-9,-7,-7,7,-7,10,,-3,-5,-7,-1,-7,,-7,-9,9,10,8,-9,8,-7,10,-7,-7,1,-9,,1,-10,,-1,-7,9,-7,-10,-7,10,9,10,10,10,-9,-7,-7,-8,-7,0,-7,5,-9,-6,-7,-7,-7,-3,-9,4,-7,-7,9,-6,-7,-7,-7,-9,,-7,,-9,10,10,-8,-7,-7,-9,10,-10,4,-7,,-8,-7,-9,-7,-9,-10,-7,-7,-5,-10,-7,-7,-6,-2,-7,-7,,-7,4,-9,,-7,8,-7,,0,10,10,-9,-7,-6,-7,,-7,8,-9,-2,-7,-7,-7,-8,10,10,-3,-7,9,,,-9,4
1973,-7,-9,-9,,6,-7,10,10,-7,-7,8,-7,10,-7,-10,-7,-7,6,-9,-7,-4,-7,-5,-8,10,,-7,-9,-7,-8,7,,-9,-7,10,-9,-7,-7,7,-7,10,,-3,-5,-7,-1,-7,,-7,-9,9,10,8,-9,8,-7,10,-7,-7,1,-9,,1,-10,,-1,-7,9,-7,-10,-7,10,9,10,10,10,-9,-7,-7,-8,-7,-2,-7,5,-7,-6,-7,-7,-7,-3,-9,4,-7,-7,9,-6,-7,-7,-7,-9,,-7,,-9,10,10,-8,-7,-7,-9,10,-10,8,-7,,-8,-7,-9,-7,-9,-10,-7,-7,-7,-10,-7,-7,-6,-2,-7,-7,,-7,4,-8,,-7,8,-7,,-10,10,10,-9,-7,-6,-2,,-7,8,-9,9,-7,-7,-7,-8,10,10,-8,-7,9,,,-9,4
1974,-7,-9,-9,,6,-7,10,10,-7,-7,-2,-7,10,-7,-10,-7,-7,6,-4,-7,-4,-7,-5,-8,10,,-7,-9,-7,-8,8,,-9,-7,10,-9,-7,-7,10,-7,10,,-3,-5,-7,-1,-7,,-7,0,9,10,8,-9,8,-7,10,-7,1,-3,-9,-7,1,-10,,-1,-7,9,-7,-10,-7,10,9,10,10,10,-10,-7,-7,-8,-7,-5,-7,5,-7,-6,-7,-7,-7,-3,-9,4,-7,-7,9,-6,-7,-7,-7,-9,,-6,,-9,10,10,-8,-7,-7,-9,10,-10,8,-7,,-8,-7,-9,-7,-3,-10,-7,-7,-7,-10,-6,-7,-6,-2,-7,-7,,-7,4,-8,,-7,8,-7,,-10,10,10,-9,-7,-6,3,,-7,8,-9,9,-7,-7,-7,-8,10,10,-8,-7,9,,,-9,4
1975,-7,-9,-9,-7,6,-7,10,10,-7,-10,-7,-7,10,-7,-10,-7,-7,6,-4,-7,-4,-7,0,-8,10,-4,-7,-7,-7,-8,8,5,-9,-7,10,-9,-7,-7,10,-7,10,,-3,-5,-7,-1,-7,,-7,-7,9,10,8,-9,8,-7,10,-7,8,-3,-9,-7,1,-10,,-1,-7,7,-7,-10,-7,10,9,10,10,10,-10,-7,-7,-8,-7,-7,-7,0,-7,-6,-7,-7,-7,-6,-9,4,-7,-7,9,-6,-7,-7,-7,-9,-8,-6,,-9,10,10,-8,-7,-7,-9,10,-10,8,-7,4,-8,-7,-9,-7,3,-10,-7,-7,-7,-10,-6,-7,-6,-2,-7,-7,,-7,4,-8,,-3,8,-7,5,-10,10,10,-9,-7,-6,3,,-7,8,-9,9,-7,-7,-7,-8,10,10,-8,-7,9,,,-9,4
1976,-7,-9,-9,-7,-9,-7,10,10,-7,-10,-7,-7,10,-7,-10,-7,-7,6,-4,-7,-4,-7,-7,-8,10,-4,-7,-7,-7,-7,8,-4,-9,-7,10,-9,-7,-7,10,-7,10,,-3,-5,-6,-1,-7,,-7,-7,9,10,8,-9,8,-7,10,-7,8,-3,-9,-7,1,-10,,-1,-7,7,-7,-10,-7,10,9,10,10,10,-10,-7,-7,-10,-7,-7,-7,0,-7,-6,-7,-7,-7,-6,-9,4,-7,-7,9,-6,-7,-7,-7,-9,-8,-6,,-9,10,10,-8,-7,-7,-9,10,-10,8,-7,4,-8,-7,-9,-7,9,-10,-7,-7,-7,-10,-6,-7,-6,-2,-7,-7,,-7,4,-8,,1,8,-7,5,-10,10,10,-9,-7,-6,-7,,-7,8,-9,9,-7,-7,-7,-8,10,10,-8,-7,9,-7,,-9,4
1977,-7,-9,-9,-7,-9,-7,10,10,-7,-10,-7,-7,10,-7,-10,-7,-7,6,-4,-7,1,-7,-7,-8,10,-4,-7,-7,-7,-7,8,-4,-9,-7,10,-9,-7,-7,10,-7,10,-8,-3,-5,-6,-6,-7,,-7,-7,9,10,8,-9,8,-7,10,-7,8,-3,-9,-7,1,-9,,-1,-7,8,-7,-10,-7,10,9,10,10,10,-10,-7,-7,-10,-7,-7,-7,0,-7,-6,-7,-7,-7,-6,-9,4,-7,-7,9,-3,-7,-7,-7,-8,-8,-6,,-9,10,10,-8,-7,-7,-9,10,-10,-7,-7,4,-8,-7,-9,-7,9,-10,-8,-7,-7,-10,-6,-7,-6,-2,-7,-7,,-7,4,-8,,5,8,-7,5,-10,10,10,-9,-7,-6,-2,,-7,8,-9,9,-7,-7,-7,-8,10,10,-8,-7,9,-7,,-9,4
1978,0,-9,-9,-7,-9,-7,10,10,-7,-10,-4,-7,10,-7,-10,-4,-7,6,-4,-7,5,-7,-7,-8,10,-4,-7,-3,-7,-7,8,-5,-9,-7,10,-9,-7,-7,10,-7,10,-8,6,-5,-6,-6,-7,,-7,-7,9,10,8,-9,8,-7,10,0,8,-5,-9,-7,0,-9,,-1,-7,8,-7,-10,-7,10,9,10,10,10,-10,-7,-7,-10,-7,-7,-7,0,-7,-6,-7,-7,-7,-6,-9,4,-7,-7,9,-3,-7,-7,-7,-8,-8,-6,,-9,10,10,-8,-7,0,-9,10,-10,-7,-6,4,-8,-2,-9,-7,9,-10,-8,-7,-7,-10,-2,-7,-7,-2,-7,-7,7,-7,4,-8,,9,6,-7,5,-10,10,10,-9,-7,-6,2,,-7,8,-9,9,-7,-7,-7,-8,10,10,-7,-7,9,-7,,-9,4
1979,-10,-9,-9,-7,-9,-7,10,10,-7,-10,-4,-7,10,-7,-10,-4,-7,6,-4,-7,5,-7,-6,-8,10,-4,-7,0,-7,-7,8,-5,-9,-8,10,-9,-7,-7,10,-7,10,-8,6,9,-6,-4,-7,,-7,-7,9,10,8,-9,8,-7,10,6,8,-5,-9,-7,0,-9,,-1,-7,8,-7,0,-9,10,9,10,10,10,-10,-7,-6,-10,-7,-7,-7,0,-7,-6,-7,-7,-7,-6,-9,4,-7,-7,9,-3,-7,-7,-7,-8,-8,-6,,-9,10,10,0,-7,7,-9,10,-10,-7,-6,4,-8,3,-9,-7,9,-10,-8,-7,-7,-10,-2,-7,-7,-2,-7,-7,7,-7,4,-8,,9,6,-7,5,-10,10,10,-9,-7,-6,2,,-7,8,-9,9,-7,-7,-7,-8,10,10,-7,-7,9,-7,,-9,4
1980,-10,-9,-9,-7,-9,-7,10,10,-7,-10,-4,-7,10,-7,-10,-7,-5,6,-4,-7,-7,-7,-6,-8,10,-4,-7,0,-7,-7,8,-5,-9,-8,10,-9,-5,-7,10,-7,10,-8,6,9,-6,-2,-7,,-7,-7,9,10,8,-9,8,-7,10,6,8,-5,-9,-7,-7,-9,,1,-7,8,-7,-2,-9,10,9,10,10,10,-10,-7,-6,-10,-7,-7,-7,0,-7,-7,-7,-7,-5,-6,-9,4,-7,-7,9,-3,-7,-7,-5,-8,-8,-8,,-9,10,10,0,-7,7,-9,10,-10,-7,-6,4,-8,7,-9,-6,9,-10,-8,-7,-7,-10,-2,-5,-7,-2,-7,-5,7,-7,4,-8,,9,6,-7,-1,-10,10,10,-9,-7,-6,2,,-7,8,-9,-5,-7,3,-7,-8,10,10,-7,-7,9,-7,,-9,4
1981,-10,-9,-9,-7,-8,-7,10,10,-7,-10,-4,-7,10,-7,-10,-7,-5,6,-4,-7,-7,-7,-5,-8,10,-4,-7,0,-7,-7,8,-5,-9,-8,10,-9,-5,-7,10,-7,10,-8,6,9,-6,0,-7,,-7,-7,9,10,8,-9,7,-7,10,-7,8,-5,-9,-7,-7,-9,,4,-7,8,-7,-4,-9,10,9,10,10,10,-10,-7,-6,-8,-7,-7,-7,0,-7,-7,-7,-7,-5,-6,-9,4,-7,-7,9,-3,-7,-7,-5,-8,-8,-8,,-2,10,10,-5,-7,7,-9,10,-10,-7,-6,4,-8,7,-8,-8,9,-10,-8,-7,-7,-10,-1,-5,-7,-2,-7,-5,7,-7,4,-5,,9,6,-7,-1,-10,10,10,-9,-7,-6,2,,-7,8,-8,-5,-7,3,-7,-8,10,10,-7,-7,9,-7,,-9,4
1982,-10,-9,-9,-7,-8,-7,10,10,-7,-10,-7,-7,10,-7,-10,8,-5,6,-3,-7,-7,-7,-4,-7,10,-4,-7,0,-7,-7,8,-6,-9,-8,10,-9,-5,-7,10,-7,10,-8,6,9,-6,2,-7,,-7,-7,9,10,8,-9,7,-7,10,-7,8,-7,-9,-7,-7,-9,,6,-7,8,-7,-6,-9,10,9,10,10,10,-10,-7,-7,-8,-7,-7,-7,0,-7,-7,-7,-7,-5,-6,-9,4,-7,-7,10,-3,-7,-7,-5,-8,-8,-8,,-2,10,10,-5,-7,7,-9,10,-10,-7,-5,4,-8,7,-7,-8,10,-10,-8,-7,-7,-10,-1,-5,-7,-2,-7,-5,7,-7,4,-5,,10,5,-7,-6,-10,10,10,-9,-7,-6,2,,-7,8,-8,-5,-7,3,-7,-8,10,10,-7,-7,9,-7,,-9,4
1983,-10,-9,-9,-7,8,-7,10,10,-7,-10,-7,-7,10,-7,-10,8,-5,6,-3,-7,-7,-7,-4,-8,10,-4,-7,0,-6,-7,8,-6,-9,-8,10,-9,-5,-7,10,-7,10,-8,6,9,-6,4,-7,,-7,-7,9,10,8,-9,7,-7,10,-7,8,-7,-9,-7,-7,-9,,6,-7,8,-7,-6,-9,10,9,10,10,10,-10,-7,-7,-8,-7,-7,-7,0,-7,-7,-7,-7,-5,-6,-9,4,-7,-7,10,-3,-7,-7,-5,-8,-8,-8,,-2,10,10,-5,-7,7,-9,10,-10,-7,-5,4,-8,7,-6,-7,10,-10,-8,-7,-7,-10,-1,-5,-7,-2,-7,-5,7,-7,4,-5,,10,5,-7,-6,-10,10,10,-9,-7,-6,2,,-7,8,-8,7,-7,3,-7,-8,10,10,-7,-7,9,-7,,-9,1
1984,-10,-9,-9,-7,8,-7,10,10,-7,-10,-7,-7,10,-7,-10,8,-5,6,-3,-7,-7,-7,-3,-8,10,-4,-7,-4,-6,-7,8,-6,-9,-8,10,-9,-5,-7,10,-7,10,-8,6,8,-6,6,-7,,-7,-8,9,10,8,-9,7,-7,10,-7,8,-6,-7,-8,-7,-9,,6,-7,8,-7,-6,-9,10,9,10,10,10,-9,-7,-7,-8,-7,-7,-7,0,-7,-6,-7,-7,-5,-6,-9,4,-7,-7,10,-3,-7,-7,-5,-8,-8,-8,,-2,10,10,-1,-7,-7,-9,10,-10,-7,-6,4,-8,7,-6,-7,10,-10,-8,-7,-7,-10,-1,-5,-7,-2,-7,-5,7,-7,4,-5,,10,5,-7,-6,-10,10,10,-9,-7,-6,2,,-7,9,-8,7,-7,3,-7,-8,10,10,-7,-7,9,-7,,-9,1
1985,-10,-9,-9,-7,8,-7,10,10,-7,-10,-7,-7,10,-7,-10,9,-5,6,7,-7,-7,-7,-2,-8,10,-3,-7,-7,-6,-7,8,-7,-9,-8,10,-9,-5,-7,10,-7,10,-8,6,8,-6,6,-7,,-7,-8,9,10,8,-9,7,-7,10,-7,8,-1,-7,-8,-7,-9,,5,-7,8,-7,-6,-9,10,9,10,10,10,-9,-7,-7,-8,-7,-7,-7,0,-7,-6,-7,-7,-5,-6,-9,4,-7,-7,10,-3,-7,-7,-5,-8,-8,-8,,-2,10,10,-1,-7,-7,-9,10,-10,-4,-6,4,-8,7,-6,-7,10,-10,-8,-7,-7,-10,-1,-5,-7,-2,-7,-5,7,-7,4,-5,,10,5,0,-6,-10,10,10,-9,-7,-6,2,,-7,9,-8,7,-7,0,-7,-8,10,10,9,-7,9,-7,,-9,1
1986,-10,-9,-9,-7,8,-7,10,10,-7,-10,-5,-7,10,-7,-10,9,-5,6,7,-7,-7,-7,-1,-8,10,-3,-7,-7,-6,-7,8,-7,-9,-8,10,-9,-5,-7,10,-7,10,-8,6,8,-6,6,-7,,-7,-8,9,10,9,-9,7,-7,10,-7,10,3,-7,-8,-7,-8,,5,-7,8,-7,-6,-9,10,9,10,10,10,-9,-7,-7,-10,-7,-7,-7,0,-7,-6,-7,-7,-5,-6,-9,4,-7,-7,10,-3,-7,-7,-5,-8,-7,-8,,-2,10,10,-1,-7,-7,-9,10,-10,-4,-6,4,-8,7,1,-7,10,-10,-8,-7,-7,-10,-1,-5,-7,-2,-7,-5,7,-7,4,-5,,10,5,7,-6,-10,10,10,-9,-7,-6,2,,-7,9,-8,7,-7,-7,-7,-8,10,10,9,-7,9,-7,,-9,1
1987,-10,-9,-9,-7,8,-7,10,10,-7,-10,-5,-7,10,-7,-10,9,-5,7,7,-7,-7,-7,-1,-8,10,-3,-7,-7,-6,-7,8,-7,-9,-8,10,-9,-5,-7,10,-7,10,-8,6,8,-6,6,-7,,-7,-8,-3,10,9,-9,7,-7,10,-7,10,3,-7,-8,-7,-8,,5,-7,8,-7,-6,-9,10,9,10,10,10,-9,-7,-7,-10,-7,-7,-7,0,-7,-6,-7,-7,-5,-6,-9,4,-7,-7,10,-3,-7,-7,-5,-8,-7,-8,,-2,10,10,-1,-7,-7,-9,10,-10,-4,-8,4,-8,7,8,-6,10,-10,-8,-7,-7,-10,-1,-5,-7,-2,-7,-5,7,-7,4,1,,10,5,7,-1,-10,10,10,-9,-7,-6,2,,-7,9,-5,7,-7,-7,-7,-8,10,10,9,-7,9,-7,,-9,-6
1988,-10,-9,-9,-7,8,-6,10,10,-6,-10,-5,-6,10,-7,-10,9,-5,7,8,-7,-7,-7,0,-8,10,-3,-7,-7,-1,-7,8,-7,-9,-8,10,-9,-5,-7,10,-7,10,-8,6,9,-6,6,-7,,-6,-8,-3,10,9,-9,7,-6,10,-7,10,3,-7,-8,-7,-7,,5,-2,8,-7,-6,-9,10,9,10,10,10,-9,-6,-7,-10,-6,-7,-6,0,-7,-6,-7,-6,-5,-6,-9,4,-7,-7,10,0,-6,-7,-5,-8,-7,-6,,-2,10,10,-1,-7,-7,-9,10,-10,8,-8,4,-8,7,8,-6,10,-10,-8,-6,-7,-10,-1,-5,-7,-2,-7,-5,7,-7,4,6,,10,5,7,-1,-10,10,10,-9,-6,-6,3,,-7,9,-5,7,-6,-7,-6,-8,10,10,9,-6,9,-7,,-9,-6
1989,-8,-9,-2,-7,7,-4,10,10,-4,-10,-5,-4,10,-7,-10,9,-5,7,8,-7,-7,-7,0,-8,10,-3,-7,-7,8,-7,8,-7,-9,-8,10,-9,-5,-7,10,-6,10,-8,6,9,-6,6,-7,,-4,-8,-3,10,9,-9,7,-4,10,-7,10,3,-7,-8,-7,-6,,6,4,8,-7,-6,-9,10,9,10,10,10,-4,-4,-7,-10,-4,-7,-4,0,-7,-6,-7,-4,-5,-6,-9,4,-7,-7,10,0,-4,-7,-5,-8,-7,-6,,-2,10,10,-1,-7,-5,-9,10,-10,8,8,4,2,7,8,5,10,-10,-2,-4,-7,-10,-1,-5,-7,-2,-6,-5,7,-7,4,6,,10,5,-7,-1,-10,10,10,-9,-4,-6,3,,-7,9,-5,9,-4,-7,-4,-8,10,10,10,-4,9,-7,,-9,-6
1990,-8,1,-2,-7,7,0,10,10,0,-10,-5,0,10,0,-10,9,-5,7,8,8,-7,-7,1,-8,10,-2,-7,-7,8,-7,8,4,-8,-8,10,-7,-5,-7,10,8,10,-8,6,9,-6,6,-7,,0,-8,5,10,9,-6,8,0,10,-7,10,3,-7,-8,-7,7,,6,10,8,-7,-6,-9,10,9,10,10,10,-4,0,-7,-10,0,-7,0,0,-7,0,-7,0,-5,-6,-9,4,-7,-7,10,0,0,2,-5,-8,-7,-7,6,5,10,10,6,-7,-5,-9,10,-10,8,8,4,2,8,8,5,10,-10,5,0,-7,-10,-1,-5,-7,-2,8,-5,8,-7,5,6,,10,5,-7,2,-10,10,10,-9,0,-6,3,,-7,9,-5,9,0,-7,0,-8,10,10,10,0,9,-7,-5,-9,-6
1991,-8,1,-2,-3,7,7,10,10,-3,-10,6,7,10,6,-10,9,-5,7,8,8,-5,-7,1,-8,10,8,-6,-5,8,-7,9,4,-8,-1,10,-7,-3,-7,10,8,10,-8,6,9,-6,7,-7,,6,0,5,10,9,-4,8,4,10,-4,10,3,-5,-6,-7,-7,,6,10,8,-7,-6,-9,10,9,10,10,10,-4,-3,-5,-9,-3,-7,8,0,-7,0,-7,10,6,2,-9,4,0,-6,10,0,5,2,-5,-8,-6,-7,6,5,10,10,6,1,-5,-9,10,-9,8,8,4,2,8,8,8,10,-10,5,0,-7,-10,-1,-5,-6,-2,8,10,8,0,5,6,,10,5,-7,5,-10,10,10,-9,-2,-6,-1,,-5,9,-5,9,-8,-7,6,-8,10,10,10,-9,9,-7,-4,6,-6
1992,0,5,-7,0,7,7,10,10,1,-10,6,7,10,6,-10,9,0,7,8,8,-5,-3,1,-4,10,8,-6,-4,8,-7,9,4,0,5,10,-7,-3,-7,10,8,10,-7,6,9,-6,7,-7,,6,0,5,10,9,-4,8,4,10,-1,10,3,-5,-6,6,-7,,6,10,8,-7,-6,-9,10,9,10,10,10,-2,-3,-5,-7,-3,-7,8,0,-7,0,-7,10,6,9,-9,4,7,-6,10,0,5,9,-5,-7,-6,-7,6,5,10,10,6,8,-5,-9,10,-9,8,8,4,7,-3,8,8,10,-10,5,5,-7,-10,-1,-5,-7,-2,8,10,8,0,6,6,,10,5,-7,5,-10,10,10,-9,-6,-5,9,,-3,9,-5,9,-9,-7,6,-8,10,10,10,-9,8,-7,-3,6,-6
1993,0,5,-7,-1,7,7,10,10,-3,-9,6,7,10,6,-10,9,0,7,8,8,-5,0,1,-4,10,8,5,-4,8,-7,9,4,0,5,10,-7,-3,-7,10,10,10,-7,6,9,-6,7,-5,-6,6,0.5,5,10,9,-4,8,4,10,-1,10,3,-5,-6,6,-7,,6,10,8,-7,-6,-9,10,9,10,9,10,-2,-3,-5,-7,-3,-7,8,0,8,0,-7,10,6,9,-8,4,7,-6,10,0,7,9,-7,-7,-6,-7,6,5,10,10,6,8,-7,-9,10,-9,8,8,4,7,1,8,8,10,-10,5,3,-7,-10,-1,-7,-7,-2,7,10,8,0,8,6,,10,5,-7,5,-9,10,10,-9,-6,-5,9,,-2,9,-3,8,-9,-4,5,-8,10,10,10,-9,8,-7,-2,6,-6
1994,0,5,-7,-1,7,7,10,10,-3,-9,6,7,10,6,-10,9,0,7,8,8,-5,0,1,-4,10,8,5,-4,8,-7,9,4,0,5,10,-6,-3,-7,10,10,10,-7,5,9,-6,7,-5,-6,6,1,5,10,9,-4,-7,4,10,-1,10,3,-5,5,6,7,,6,10,8,-7,-6,-9,10,9,10,9,10,-2,-3,-5,-7,-3,-7,8,0,8,0,-7,10,6,9,6,4,7,-6,10,4,7,9,-7,-7,5,-7,6,5,10,10,6,8,-7,-10,10,-9,8,9,4,7,1,8,8,10,-10,5,3,-6,-10,-1,-7,-7,-2,7,10,8,0,9,6,,10,5,-7,5,-9,10,10,-9,-6,-5,9,,-2,9,-3,8,-9,-4,7,-8,10,10,10,-9,8,-7,-2,6,-6
1995,0,5,-3,-2,7,3,10,10,-6,-9,6,0,10,6,-10,9,,7,8,8,-5,0,1,-4,10,8,5,-4,8,-7,7,0,0,5,10,-6,-5,-7,10,10,10,-7,5,9,-6,7,-5,-6,6,1,5,10,9,-4,-7,5,10,-1,10,3,-1,5,6,7,,6,10,9,-7,-6,-9,10,9,10,9,10,-2,-4,-5,-7,-3,-7,8,0,8,0,-7,10,6,9,6,3,7,-6,10,4,7,9,-7,-7,5,-7,6,5,10,10,8,8,-6,-10,10,-9,8,9,4,7,1,8,9,10,-10,5,3,-6,-10,-1,-7,-7,-2,7,10,8,0,9,6,,10,5,-7,5,-9,10,10,-9,-6,-1,9,,-2,9,-3,8,-9,-4,7,-8,10,10,10,-9,8,-7,-2,6,-6
1996,-7,0,-3,-2,7,-6,10,10,-6,-9,6,-7,10,6,-10,9,,7,8,8,-5,-5,1,-4,10,8,5,-2,8,-7,7,4,0,5,10,-6,-5,-7,10,10,10,-6,8,9,-6,7,-5,-6,6,1,5,10,9,-4,-6,5,10,2,10,8,-1,5,6,7,,6,10,9,-7,-6,-9,10,9,10,9,10,-2,-4,-5,-7,-3,-7,8,0,8,0,-7,10,6,9,6,3,7,-6,10,4,7,10,-7,-7,5,-7,6,5,10,10,8,-6,-6,-10,10,-9,8,9,4,7,1,8,9,10,-10,8,3,-6,-10,-1,-7,4,-2,7,10,8,0,9,6,,10,5,-7,5,-9,10,10,-9,-6,-1,9,,-2,9,-3,8,-9,-4,7,-8,10,10,10,-9,8,-7,-2,1,-6
1997,-7,5,-3,-3,7,-6,10,10,-6,-9,6,-7,10,6,-10,9,,8,8,8,-4,-5,-7,-4,10,8,5,-2,8,-7,7,4,0,-6,10,-6,-5,-7,10,10,10,-6,8,8,-6,7,-5,-6,6,1,5,10,9,-4,-5,5,10,2,10,8,-1,5,6,7,,6,10,9,-7,3,-9,10,9,10,9,10,-2,-4,-2,-7,-3,-7,8,0,8,0,-7,10,6,8,6,3,6,-6,10,6,7,10,-6,-7,5,-7,6,5,10,10,8,-6,-6,-10,10,-9,7,9,4,7,1,8,9,10,-10,8,3,-6,-10,-1,-6,0,-2,7,10,8,0,9,6,,10,5,-7,5,-9,10,10,-9,-5,-1,9,,-2,10,-3,7,-9,-4,7,-8,10,10,10,-9,8,-7,-2,1,-6
1998,-7,5,-3,-3,7,5,10,10,-7,-9,6,-7,10,6,-10,9,,8,8,8,-4,-1,2,-4,10,8,5,-2,8,-7,7,4,0,-6,10,-6,-5,-7,10,10,10,-6,8,9,-6,7,-5,-6,6,1,5,10,9,-4,-5,5,10,2,10,8,-1,0,6,7,,6,10,9,-5,3,-9,10,9,10,9,10,-2,-4,-2,-7,-3,-7,8,0,0,0,-7,10,6,7,6,3,6,-6,10,6,7,10,-6,-6,5,-7,6,5,10,10,8,-6,-1,-10,10,-9,7,9,4,6,1,8,9,10,-10,8,3,-6,-10,-1,-6,0,-2,9,10,8,0,9,8,,10,5,-7,5,-9,10,10,-9,-1,-1,9,,-2,10,-3,7,-9,-4,7,-8,10,10,10,-9,8,-7,-2,1,-6
1999,-7,5,-3,-3,8,5,10,10,-7,-9,6,-7,10,6,-10,9,,8,8,8,-4,-1,2,-4,10,8,5,-2,8,-7,7,-2,0,-6,10,-1,1,-7,10,10,10,2,8,9,-6,7,-5,-6,7,1,6,10,9,-4,-5,5,10,2,10,8,-1,3,6,2,,7,10,9,6,3,-9,10,10,10,9,10,-2,-4,-2,-7,-3,-7,8,0,2,0,-7,10,6,7,6,3,6,-6,10,6,7,10,-6,-6,5,-7,6,6,10,10,8,5,4,-10,10,-9,-6,9,4,7,1,8,9,10,-10,8,3,-6,-10,-1,-6,0,-2,9,10,8,0,9,8,,10,5,-7,5,-9,10,10,-9,-1,-1,9,,-2,10,-3,7,-9,-4,7,-8,10,10,10,-9,7,-7,-2,1,-3
2000,-7,5,-3,-3,8,5,10,10,-7,-9,6,-7,10,6,-10,9,,8,8,8,-3,-1,2,-4,10,8,5,-2,9,-7,7,-1,0,-6,10,4,8,-7,10,10,10,2,8,6,-6,7,-5,-6,9,1,5,10,9,-4,-5,5,10,2,10,8,-1,5,6,-2,,7,10,9,6,3,-9,10,10,10,9,10,-2,-4,-2,-7,-3,-7,8,0,4,0,-7,10,6,7,6,3,6,-6,10,8,7,10,7,-6,5,-7,6,6,10,10,8,5,4,-10,10,-9,-6,9,4,7,5,8,9,10,-10,8,6,-4,-10,8,7,0,-2,9,10,0,0,9,8,,10,5,-7,5,-9,10,10,-7,-1,-1,9,,-2,10,-3,7,-9,-4,6,-8,10,10,10,-9,7,-7,-2,1,-3
2001,,5,-3,-3,8,5,10,10,-7,-8,6,-7,10,6,-10,9,,8,8,9,0,0,2,-4,10,10,5,-2,9,-7,7,0,0,-5,10,4,8,-7,10,10,10,2,8,6,-6,7,-5,-7,9,1,5,10,9,-4,-5,5,10,6,10,8,-1,5,6,-2,,7,10,9,6,3,-9,10,10,10,9,10,-2,-4,-2,-7,-3,-7,8,0,6,0,-7,10,6,7,4,3,6,-6,10,8,8,10,7,-6,5,-7,6,6,10,10,8,5,4,-10,10,-9,-6,9,4,7,9,8,9,10,-10,8,6,-4,-10,8,7,2,-2,9,10,0,0,9,8,,10,6,-7,5,-9,10,10,-7,-1,-1,9,,-2,10,-3,7,-9,-4,6,-8,10,10,10,-9,6,-7,-2,5,-4
2002,,7,-3,-2,8,5,10,10,-7,-7,6,-7,10,6,-10,9,,8,8,9,0,2,2,-4,10,10,5,-2,9,-7,7,4,0,-4,10,0,8,-7,10,10,10,2,8,6,-6,7,-5,-7,9,1,5,10,9,-4,-5,5,10,6,10,8,-1,5,6,-2,,7,10,9,6,3,-9,10,10,10,9,10,-2,-6,8,-7,-3,-7,8,0,8,0,-7,10,9,7,4,3,7,-6,10,8,8,10,7,-6,5,-7,6,-6,10,10,8,5,4,-10,10,-8,-5,9,4,7,9,8,10,10,-10,8,6,-4,-10,8,7,5,-2,9,10,0,0,9,8,,10,6,-6,5,-9,10,10,-7,-1,-1,9,6,-2,10,-4,7,-9,-4,6,-8,10,10,10,-9,6,-7,-2,5,-4
2003,,7,-3,-2,8,5,10,10,-7,-7,6,-7,10,6,-10,8,,8,8,9,0,3,2,-4,10,10,-1,-2,9,-7,7,4,1,-4,10,0,8,-7,10,10,10,2,8,6,-6,7,-5,-7,9,1,5,10,9,-4,-5,5,10,6,10,8,-1,-1,6,-2,,7,10,9,6,3,-7,10,10,10,9,10,-2,-6,8,-7,-3,-7,8,0,8,1,-7,10,9,7,5,3,7,-6,10,8,8,10,6,-6,5,-7,6,-6,10,10,8,5,4,-10,10,-8,-5,9,4,8,9,8,10,10,-10,8,6,-3,-10,8,6,5,-2,9,10,4,0,9,8,,10,5,-6,5,-9,10,10,-7,-3,-1,9,6,-2,10,-4,7,-9,-4,6,-8,10,10,10,-9,6,-7,-2,5,-4
2004,,7,2,-2,8,5,10,10,-7,-7,6,-7,10,6,-10,8,,8,8,9,0,5,2,-4,10,10,-1,-2,9,-7,7,6,3,-4,10,0,8,-7,10,10,10,2,8,6,-6,7,-5,-7,9,1,6,10,9,-4,-5,7,10,8,10,8,-1,-1,6,0,,7,10,9,8,-6,-6,10,10,10,9,10,-2,-6,8,-7,-3,-7,8,0,8,3,-7,10,9,7,6,3,7,-6,10,8,8,10,6,-6,5,-8,6,-6,10,10,8,6,4,-10,10,-8,-5,9,4,8,9,8,10,10,-10,9,6,-3,-10,8,6,5,-2,9,10,8,0,9,8,,10,5,-6,5,-9,10,10,-7,-3,-1,9,6,-2,10,-4,7,-9,-4,6,-8,10,10,10,-9,6,-7,-2,5,-4
2005,,9,2,-2,8,5,10,10,-7,-7,6,-7,10,6,-6,8,,8,8,9,0,6,2,-4,10,10,-1,-2,9,-7,7,6,4,-4,10,0,9,-7,10,10,10,2,8,6,-3,7,-5,-7,9,1,6,10,9,-4,-5,7,10,8,10,8,-1,6,6,3,,7,10,9,8,-6,-5,10,10,10,9,10,-2,-6,8,-7,3,-7,8,7,8,5,-7,10,9,7,6,3,7,-5,10,8,8,10,6,-6,5,-8,6,-6,10,10,8,6,4,-10,10,-8,-5,9,4,8,9,8,10,10,-10,9,6,-3,-10,8,6,5,-2,9,10,8,0,9,8,,10,5,-4,5,-9,10,10,-7,-3,-1,9,6,-4,10,-4,7,-9,-1,6,-8,10,10,10,-9,6,-7,-2,5,-4
2006,,9,2,-2,8,5,10,10,-7,-7,6,-7,10,7,-6,8,,8,8,9,0,6,2,-4,10,10,-1,-2,10,-7,7,9,5,-4,10,0,9,-7,10,8,10,2,8,7,-3,7,-5,-7,9,1,-3,10,9,-4,-5,7,10,8,10,8,-1,6,6,5,,7,10,9,8,-6,-3,10,10,10,9,10,-2,-6,8,-7,4,-7,8,7,8,6,-7,10,9,7,6,3,7,-3,10,8,8,10,9,-6,5,-8,6,6,10,10,8,6,4,-10,10,-8,-5,9,4,8,9,8,10,10,-10,9,6,-3,-10,8,8,5,-2,10,10,8,0,9,8,,10,6,-4,5,-9,10,10,-7,-3,-1,-5,7,-4,10,-4,7,-9,-1,7,-8,10,10,10,-9,5,-7,-2,5,-4
2007,,9,2,-2,8,5,10,10,-7,-7,-6,-7,8,7,-6,8,,8,8,9,0,6,2,-4,10,10,-1,-2,10,-7,7,9,5,-4,10,0,9,-7,10,8,10,2,8,5,-3,7,-5,-7,9,1,-4,10,9,-4,-5,6,10,8,10,8,-1,6,6,5,,7,10,9,8,-6,-1,10,10,10,9,10,-3,-6,7,-7,3,-7,8,7,8,6,-7,10,9,7,6,3,7,4,10,8,8,10,9,-6,5,-8,6,6,10,10,9,6,4,-10,10,-8,2,9,4,8,9,8,10,10,-10,9,4,-3,-10,7,8,7,-2,10,10,8,0,9,8,,10,6,-4,5,-9,10,10,-7,-3,-1,-1,7,-4,10,-4,7,-9,-1,7,-8,10,10,10,-9,5,-7,-2,5,-4
2008,,9,2,-2,8,5,10,10,-7,-7,-6,-7,8,7,3,8,,8,8,9,0,6,2,-4,10,10,-1,-2,10,-7,7,9,5,-4,10,0,9,-7,10,8,10,2,8,5,-3,7,-5,-7,9,1,-4,10,9,-4,-5,6,10,8,10,8,-1,6,6,5,,7,10,9,8,-6,0,10,10,10,9,10,-3,-6,7,-7,3,-7,8,7,8,6,-7,10,9,7,6,6,7,-5,10,8,8,10,9,-6,5,-6,6,6,10,10,9,6,4,-10,10,-8,5,9,4,8,9,8,10,10,-10,9,4,-3,-10,7,8,7,-2,10,10,8,0,9,8,,10,6,-4,5,-9,10,10,-7,-3,-1,4,7,-4,10,-4,7,-9,-1,7,-8,10,10,10,-9,5,-7,-2,7,-4
2009,,9,2,-2,8,5,10,10,-7,-7,5,-7,8,7,3,7,,8,8,9,0,6,2,-4,10,10,-1,-2,10,-7,7,9,5,-4,10,0,9,-7,10,8,10,2,8,5,-3,8,-5,-7,9,1,-4,10,9,3,-5,6,10,8,10,8,-1,6,6,5,,7,10,9,8,-7,1,10,10,10,9,10,-3,-6,7,-7,1,-7,8,7,8,6,-7,10,9,0,6,6,7,-2,10,8,8,10,9,-6,5,-6,6,6,10,10,9,-3,4,-10,10,-8,5,9,4,8,9,8,10,10,-10,9,4,-3,-10,7,8,7,-2,10,10,8,0,9,8,,10,6,-4,5,-9,10,10,-7,-3,-1,4,7,-4,10,-4,7,-9,-1,7,-8,10,10,10,-9,-3,-7,-2,7,1
2010,,9,2,-2,8,5,10,10,-7,-5,5,-7,8,7,3,7,,8,8,9,0,6,2,-4,10,10,-1,-2,10,-7,7,9,5,-4,10,0,9,-7,10,8,10,2,8,5,-3,8,-5,-7,9,1,-4,10,9,3,-5,6,10,8,10,8,5,6,6,0,,7,10,9,8,-7,3,10,10,10,9,10,-3,-6,8,-7,4,-7,8,7,8,6,-7,10,9,0,6,6,7,-2,10,8,8,10,9,-6,5,-6,6,6,10,10,9,3,4,-10,10,-8,6,9,4,8,9,8,10,10,-10,9,4,-4,-10,7,8,7,-2,10,10,8,0,9,8,,10,4,-2,5,-9,10,10,-7,-3,-1,4,7,-2,10,-4,7,-9,-1,6,-8,10,10,10,-9,-3,-7,-2,7,1
2011,,9,2,-2,8,5,10,10,-7,-8,5,-7,8,7,3,7,,8,8,9,0,6,2,-4,10,10,-1,-2,10,-7,7,9,5,-4,10,0,9,-7,10,8,10,2,8,5,-2,8,-5,-7,9,1,-4,10,9,3,-5,6,10,8,10,8,5,6,6,0,,7,10,9,8,-7,3,10,10,10,9,10,-3,-6,8,-7,7,-7,8,7,8,6,0,10,9,0,6,6,7,-2,10,8,8,10,9,-4,5,-3,6,6,10,10,9,6,4,-10,10,-8,6,9,4,8,9,8,10,10,-10,9,4,-4,-10,7,8,7,-2,10,10,8,0,9,8,0,10,4,-2,5,-9,10,10,-7,-3,-1,7,7,-2,10,,9,-9,-1,6,-8,10,10,10,-9,-3,-7,-2,7,1
